"","NestSuccess","OYC_Density","Dist_km","Year","Habitat","MamDominance","ObsDays","Fail","MamDominanceWeighted","Method","Loc","Godwit_Density","Lapwing_Density","Redshank_Density","AllMeadowBirdSpc_Density"
"1","1",0.99269,2.02068,"2018","Agriculture_crop",0.53903085206019,14,0,0.171709073937011,"Subpop","Hoge Berg",0,0,0,0.99269
"2","0",0.31975,2.09516,"2018","Agriculture_crop",0.539453330309954,15.5,1,0.171768295236194,"Subpop","Hoge Berg",0,0,0,0.31975
"3","1",1.08523,1.79661,"2018","Agriculture_grassland",0.441236947090743,14,0,0.152520880076683,"Subpop","Hoge Berg",0,0,0,1.08523
"4","0",0.72155,1.39423,"2018","Agriculture_crop",0.418645213175596,5,1,0.139540002413066,"Subpop","Hoge Berg",0,0,0,0.72155
"5","1",1.27849,1.96232,"2018","Agriculture_crop",0.667702210917223,29,0,0.1968102324714,"Subpop","Hoge Berg",0,0,0,1.27849
"6","1",0.95886,1.77976,"2018","Agriculture_grassland",0.420417492267866,18,0,0.139779795843312,"Subpop","Hoge Berg",0,0,0,0.95886
"7","1",0.63924,1.66639,"2018","Agriculture_grassland",0.419982486214526,19,0,0.139715881645,"Subpop","Hoge Berg",0,0,0,0.63924
"8","1",1.27849,1.94065,"2018","Agriculture_crop",0.667609600161283,11,0,0.196793516442674,"Subpop","Hoge Berg",0,0,0,1.27849
"9","1",0.63945,1.40026,"2018","Agriculture_crop",0.418815893534074,20,0,0.139548621185662,"Subpop","Hoge Berg",0,0,0,0.63945
"10",NA,1.28193,1.94921,"2018","Agriculture_grassland",0.667775914748564,NA,NA,0.196793958635309,"Subpop","Hoge Berg",0,0,0,1.28193
"11","1",0.63924,1.72938,"2018","Agriculture_grassland",0.420301000471383,22,0,0.139741060187031,"Subpop","Hoge Berg",0,0,0,0.63924
"12","1",0.95886,1.76301,"2018","Agriculture_grassland",0.666180114649169,23,0,0.196572530433086,"Subpop","Hoge Berg",0,0,0,0.95886
"13","0",0.95886,1.74776,"2018","Tuinwal",0.665990096543102,9.5,1,0.19653221822191,"Subpop","Hoge Berg",0,0,0,0.95886
"14","0",0.95886,1.72278,"2018","Tuinwal",0.665776178382635,16,1,0.196502623771037,"Subpop","Hoge Berg",0,0,0,0.95886
"15","1",0.63924,1.64242,"2018","Tuinwal",0.41996533922294,18,0,0.139675750600074,"Subpop","Hoge Berg",0,0,0,0.63924
"16","1",1.27849,1.68533,"2018","Tuinwal",0.420110198029126,13,0,0.139696948239074,"Subpop","Hoge Berg",0,0,0,1.27849
"17","0",0.63924,1.58222,"2018","Tuinwal",0.419741273325597,1.5,1,0.139641880170432,"Subpop","Hoge Berg",0,0,0,0.63924
"18","0",0.63924,1.52077,"2018","Agriculture_grassland",0.41950201358395,18,1,0.139602169431853,"Subpop","Hoge Berg",0,0,0,0.63924
"19","1",1.27849,1.69938,"2018","Agriculture_grassland",0.66536385655758,21,0,0.196408880263224,"Subpop","Hoge Berg",0,0,0,1.27849
"20","0",0.31962,1.65425,"2018","Agriculture_grassland",0.419935348881026,16,1,0.139644741925717,"Subpop","Hoge Berg",0,0,0,0.31962
"21","1",1.91773,1.71718,"2018","Agriculture_grassland",0.665557233847866,24,0,0.196415644691772,"Subpop","Hoge Berg",0,0,0,1.91773
"22","1",0.31962,1.91098,"2018","Tuinwal",0.667293593993237,12,0,0.196620366605028,"Subpop","Hoge Berg",0,0,0,0.31962
"23",NA,0.95886,1.3503,"2018","Tuinwal",0.418742374681094,NA,NA,0.139459927302049,"Subpop","Hoge Berg",0,0,0,0.95886
"24","1",2.23735,1.64284,"2018","Tuinwal",0.664477446664663,25,0,0.196238249017597,"Subpop","Hoge Berg",0,0,0,2.23735
"25","1",0.95886,1.87915,"2018","Tuinwal",0.666782886318456,26,0,0.196516428598643,"Subpop","Hoge Berg",0,0,0,0.95886
"26","0",0.32028,1.831,"2018","Tuinwal",0.666197786823428,10.5,1,0.196439070302462,"Subpop","Hoge Berg",0,0,0,0.32028
"27","0",0.95886,1.58299,"2018","Agriculture_grassland",0.419503407701599,5.5,1,0.139547420725326,"Subpop","Hoge Berg",0,0,0,0.95886
"28","0",1.10116,1.7109,"2018","Tuinwal",0.664979107675734,2.5,1,0.196268642628254,"Subpop","Hoge Berg",0,0,0,1.10116
"29","0",1.05374,1.68266,"2018","Tuinwal",0.664752879358292,9.5,1,0.196239175879933,"Subpop","Hoge Berg",0,0,0,1.05374
"30","1",1.07728,1.84165,"2018","Tuinwal",0.666173868528036,18,0,0.196395631854695,"Subpop","Hoge Berg",0,0,0,1.07728
"31","1",0.63924,1.55646,"2018","Tuinwal",0.419319515758373,24,0,0.139504099507983,"Subpop","Hoge Berg",0,0,0,0.63924
"32","1",0.33174,1.54744,"2018","Tuinwal",0.419072296914409,30,0,0.139440322272166,"Subpop","Hoge Berg",0,0,0,0.33174
"33","1",0.63924,1.06839,"2018","Tuinwal",0.41703225027271,22,0,0.139126451774715,"Subpop","Hoge Berg",0,0,0,0.63924
"34","1",0.71595,0.93944,"2018","Tuinwal",0.416658278624739,25,0,0.139040527945954,"Subpop","Hoge Berg",0,0,0,0.71595
"35","0",0.79463,0.01335,"2012","Nature_wet",0,3,1,0,"Subpop","Schier",0,0,0,0.79463
"36","0",0.36792,0.02474,"2012","Nature_wet",0,1,1,0,"Subpop","Schier",0,0,0,0.36792
"37","0",0.37567,0.02028,"2012","Nature_wet",0,1.5,1,0,"Subpop","Schier",0,0,0,0.37567
"38","0",0.64627,0.05179,"2012","Nature_wet",0,2.5,1,0,"Subpop","Schier",0,0,0.32313,0.9694
"39","0",0.63924,0.13122,"2012","Nature_wet",0,6,1,0,"Subpop","Schier",0,0,0.31962,0.95886
"40","0",0.31962,0.44052,"2012","Nature_wet",0,1,1,0,"Subpop","Schier",0,0,0,0.31962
"41","0",0.65494,0.04717,"2012","Nature_wet",0,1,1,0,"Subpop","Schier",0,0,0.32747,0.98241
"42","1",0.7734,0.01612,"2012","Nature_wet",0,28.5,0,0,"Subpop","Schier",0,0,0.3867,1.16009
"43","0",1.03096,0.00871,"2012","Nature_wet",0,5,1,0,"Subpop","Schier",0,0,0.34365,1.37462
"44","0",0.95886,0.16691,"2012","Nature_wet",0,16.5,1,0,"Subpop","Schier",0,0.31962,0,1.27849
"45","0",0.63924,0.14222,"2012","Nature_wet",0,10.5,1,0,"Subpop","Schier",0,0.31962,0,0.95886
"46","0",0.38071,0.02725,"2012","Nature_wet",0,12.5,1,0,"Subpop","Schier",0,0,0,0.38071
"47","0",0.35611,0.03107,"2012","Nature_wet",0,13,1,0,"Subpop","Schier",0,0,0,0.35611
"48","0",0.3213,0.06551,"2012","Nature_wet",0,3.5,1,0,"Subpop","Schier",0,0,0,0.3213
"49","0",0.31962,0.13156,"2012","Nature_wet",0,16.5,1,0,"Subpop","Schier",0,0.63924,0,0.95886
"50","0",0.31962,0.17221,"2012","Nature_wet",0,26.5,1,0,"Subpop","Schier",0,0.63924,0,0.95886
"51","0",0.36974,0.03454,"2012","Nature_wet",0,1.5,1,0,"Subpop","Schier",0,0,0,0.36974
"52","0",0.38219,0.02841,"2012","Nature_wet",0,1.5,1,0,"Subpop","Schier",0,0,0,0.38219
"53","0",0.38003,0.02753,"2012","Nature_wet",0,38,1,0,"Subpop","Schier",0,0,0,0.38003
"54","0",0.7546,0.02772,"2012","Nature_wet",0,8.5,1,0,"Subpop","Schier",0,0,0,0.7546
"55","0",0.75617,0.0226,"2012","Nature_wet",0,7.5,1,0,"Subpop","Schier",0,0,0,0.75617
"56","1",0.75861,0.02099,"2012","Nature_wet",0,31.5,0,0,"Subpop","Schier",0,0,0,0.75861
"57","0",0.31962,0.625,"2012","Nature_wet",0,2.5,1,0,"Subpop","Schier",0,0.31962,0,0.63924
"58","0",0.74691,0.02372,"2012","Nature_wet",0,5.5,1,0,"Subpop","Schier",0,0,0,0.74691
"59","0",0.31962,0.61731,"2012","Nature_wet",0,4.5,1,0,"Subpop","Schier",0,0.31962,0,0.63924
"60","0",0.35746,0.03165,"2012","Nature_wet",0,24,0,0,"Subpop","Schier",0,0,0,0.35746
"61","0",0.31962,0.49224,"2012","Nature_wet",0,1.5,1,0,"Subpop","Schier",0,0,0,0.31962
"62","0",0.715,0.02538,"2012","Nature_wet",0,8.5,1,0,"Subpop","Schier",0,0,0,0.715
"63","0",0.7248,0.02123,"2012","Nature_wet",0,13.5,1,0,"Subpop","Schier",0,0,0,0.7248
"64","0",0.63924,0.46022,"2012","Nature_wet",0,3.5,1,0,"Subpop","Schier",0,0.31962,0,0.95886
"65","0",0.34933,0.02183,"2012","Nature_wet",0,17.5,1,0,"Subpop","Schier",0,0,0.34933,0.69867
"66","0",0.63924,0.29817,"2012","Nature_wet",0,20.5,1,0,"Subpop","Schier",0,0,0.31962,0.95886
"67","1",0.33964,0.02704,"2012","Nature_wet",0,31.5,0,0,"Subpop","Schier",0,0,0.33964,0.67928
"68","0",0.63924,0.41815,"2012","Nature_wet",0,21.5,1,0,"Subpop","Schier",0,0.31962,0,0.95886
"69","1",0.63924,0.3048,"2012","Nature_wet",0,13,0,0,"Subpop","Schier",0,0,0,0.63924
"70","0",0.31962,0.38284,"2012","Nature_wet",0,1,1,0,"Subpop","Schier",0,0.31962,0,0.63924
"71","0",0.3295,0.03265,"2012","Nature_wet",0,3.5,1,0,"Subpop","Schier",0,0,0.3295,0.659
"72","0",0.34584,0.02169,"2012","Nature_wet",0,1,1,0,"Subpop","Schier",0,0,0.34584,0.69168
"73","0",0.63924,0.43593,"2012","Nature_wet",0,15.5,1,0,"Subpop","Schier",0,0.31962,0,0.95886
"74","1",0.63924,0.04177,"2012","Nature_wet",0,21,0,0,"Subpop","Schier",0,0,0.31962,0.95886
"75","1",0.33791,0.02201,"2012","Nature_wet",0,30,0,0,"Subpop","Schier",0,0,0,0.33791
"76","1",0.67588,0.01809,"2012","Nature_wet",0,27.5,0,0,"Subpop","Schier",0,0,0,0.67588
"77","1",0.70584,0.00954,"2012","Nature_wet",0,31,0,0,"Subpop","Schier",0,0,0,0.70584
"78","0",0.63924,0.4843,"2012","Nature_wet",0,22.5,1,0,"Subpop","Schier",0.31962,0,0,0.95886
"79","0",0.95886,0.13451,"2012","Nature_wet",0,1.5,1,0,"Subpop","Schier",0.31962,0,0.31962,1.59811
"80","0",0.95886,0.14742,"2012","Nature_wet",0,10.5,1,0,"Subpop","Schier",0.31962,0.31962,0.31962,1.91773
"81","0",0.68658,0.02178,"2012","Nature_wet",0,3.5,1,0,"Subpop","Schier",0,0,0,0.68658
"82","1",0.65238,0.0352,"2012","Nature_wet",0,13.5,0,0,"Subpop","Schier",0,0,0,0.65238
"83","0",0.95886,0.14158,"2012","Nature_wet",0,4,1,0,"Subpop","Schier",0,0.31962,0.31962,1.59811
"84","0",0.68304,0.02238,"2012","Nature_wet",0,5,1,0,"Subpop","Schier",0,0,0,0.68304
"85","0",0.63924,0.15446,"2012","Nature_wet",0,14,1,0,"Subpop","Schier",0,0.31962,0.31962,1.27849
"86","0",1.59811,0.11276,"2012","Nature_wet",0,7.5,1,0,"Subpop","Schier",0,0,0.31962,1.91773
"87","0",0.95886,0.13699,"2012","Nature_wet",0,1.5,1,0,"Subpop","Schier",0,0.31962,0.31962,1.59811
"88","1",0.31962,0.28078,"2012","Nature_wet",0,29.5,0,0,"Subpop","Schier",0,0.31962,0.31962,0.95886
"89","1",0.71157,0.00949,"2012","Nature_wet",0,26.5,0,0,"Subpop","Schier",0,0,0,0.71157
"90","0",1.59811,0.09138,"2012","Nature_wet",0,7.5,1,0,"Subpop","Schier",0,0,0,1.59811
"91","0",0.95886,0.0435,"2012","Nature_wet",0,1.5,1,0,"Subpop","Schier",0,0,0.31962,1.27849
"92","0",0.95886,0.2113,"2012","Nature_wet",0,7.5,1,0,"Subpop","Schier",0,0.31962,0,1.27849
"93","0",1.27849,0.06903,"2012","Nature_wet",0,1.5,1,0,"Subpop","Schier",0,0,0.31962,1.59811
"94","0",0.31962,0.56575,"2012","Nature_wet",0,23,1,0,"Subpop","Schier",0,0,0,0.31962
"95","0",1.02557,0.01011,"2012","Nature_wet",0,1.5,1,0,"Subpop","Schier",0,0,0,1.02557
"96","0",1.27849,0.18657,"2012","Nature_wet",0,9.5,1,0,"Subpop","Schier",0,0.31962,0.31962,1.91773
"97","0",0.63924,0.19987,"2012","Nature_wet",0,1.5,1,0,"Subpop","Schier",0,0.31962,0.31962,1.27849
"98","0",0.95886,0.55347,"2012","Nature_wet",0,1.5,1,0,"Subpop","Schier",0,0,0.31962,1.27849
"99","0",0.38102,0.01083,"2012","Nature_wet",0,1,1,0,"Subpop","Schier",0,0,0,0.38102
"100","0",0.37106,0.01647,"2012","Nature_wet",0,7.5,1,0,"Subpop","Schier",0,0,0,0.37106
"101","1",0.37646,0.01495,"2012","Nature_wet",0,30.5,0,0,"Subpop","Schier",0,0,0,0.37646
"102","0",0.63924,0.41754,"2012","Nature_wet",0,2.5,1,0,"Subpop","Schier",0,0,0,0.63924
"103","0",1.01102,0.03649,"2012","Nature_wet",0,7,1,0,"Subpop","Schier",0,0,0,1.01102
"104","0",0.38027,0.01414,"2012","Nature_wet",0,13.5,1,0,"Subpop","Schier",0,0,0,0.38027
"105","1",0.63924,0.41399,"2012","Nature_wet",0,12,0,0,"Subpop","Schier",0,0,0,0.63924
"106","0",1.27849,0.22677,"2012","Nature_wet",0,1.5,1,0,"Subpop","Schier",0,0,0,1.27849
"107","0",0.63924,0.41189,"2012","Nature_wet",0,1.5,1,0,"Subpop","Schier",0,0,0,0.63924
"108","0",1.27849,0.22811,"2012","Nature_wet",0,1.5,1,0,"Subpop","Schier",0,0,0,1.27849
"109","0",0.63924,0.48834,"2012","Nature_wet",0,14,1,0,"Subpop","Schier",0,0,0,0.63924
"110","1",0.76675,0.00736,"2012","Nature_wet",0,29,0,0,"Subpop","Schier",0,0,0,0.76675
"111","0",0.72674,0.01596,"2012","Nature_wet",0,7.5,1,0,"Subpop","Schier",0,0,0,0.72674
"112","0",0.8036,0.00656,"2012","Nature_wet",0,8.5,1,0,"Subpop","Schier",0,0,0,0.8036
"113","0",1.05127,0.02865,"2012","Nature_wet",0,29.5,1,0,"Subpop","Schier",0,0,0,1.05127
"114","0",1.16727,0.01099,"2012","Nature_wet",0,13.5,1,0,"Subpop","Schier",0,0,0,1.16727
"115","0",0.95886,0.13651,"2012","Nature_wet",0,7,1,0,"Subpop","Schier",0,0,0.31962,1.27849
"116","0",0.95886,0.12803,"2012","Nature_wet",0,7.5,1,0,"Subpop","Schier",0,0,0.31962,1.27849
"117","0",1.27849,0.1529,"2012","Nature_wet",0,25,1,0,"Subpop","Schier",0,0,0.31962,1.59811
"118","0",1.1443,0.01008,"2012","Nature_wet",0,5.5,1,0,"Subpop","Schier",0,0,0,1.1443
"119","0",1.11425,0.01337,"2012","Nature_wet",0,37,1,0,"Subpop","Schier",0,0,0,1.11425
"120","0",0.9999,0.03268,"2012","Nature_wet",0,32.5,1,0,"Subpop","Schier",0,0,0,0.9999
"121","0",1.01747,0.02892,"2012","Nature_wet",0,1.5,1,0,"Subpop","Schier",0,0,0,1.01747
"122","1",1.0441,0.02291,"2012","Nature_wet",0,26,0,0,"Subpop","Schier",0,0,0,1.0441
"123","1",0.38491,0.00648,"2012","Nature_wet",0,29.5,0,0,"Subpop","Schier",0,0,0,0.38491
"124","0",0.35074,0.02357,"2012","Nature_wet",0,7.5,1,0,"Subpop","Schier",0,0,0,0.35074
"125","0",0.33593,0.0345,"2012","Nature_wet",0,16,1,0,"Subpop","Schier",0,0,0,0.33593
"126","1",0.371,0.01299,"2012","Nature_wet",0,29.5,0,0,"Subpop","Schier",0,0,0,0.371
"127","0",0.35157,0.02417,"2012","Nature_wet",0,18,1,0,"Subpop","Schier",0,0,0,0.35157
"128","1",0.35651,0.02119,"2012","Nature_wet",0,22,0,0,"Subpop","Schier",0,0,0,0.35651
"129","1",0.36662,0.01694,"2012","Nature_wet",0,28.5,0,0,"Subpop","Schier",0,0,0,0.36662
"130","0",0.66212,0.06912,"2010","Nature_dry",0.429425122801672,NA,1,0.296722582261418,"Subpop","STEX",0,0,0,0.66212
"131","1",0.8403,0.01487,"2010","Nature_dry",0.436499154514912,34,0,0.303036400718174,"Subpop","STEX",0,0,0,0.8403
"132","0",1.32298,0.02229,"2010","Nature_dry",0.438128418436581,30.5,1,0.304619394166754,"Subpop","STEX",0,0,0,1.32298
"133",NA,2.04918,0.0177,"2010","Nature_dry",0.44581670396188,NA,NA,0.311314170585003,"Subpop","STEX",0,0,0.40984,2.45902
"134","1",2.21877,0.00578,"2010","Nature_dry",0.44840656711543,27,0,0.313552491017455,"Subpop","STEX",0,0,0.44375,2.66252
"135","0",2.14105,0.01243,"2010","Nature_dry",0.448868847783029,1,1,0.313926198284935,"Subpop","STEX",0,0,0.42821,2.56926
"136","1",2.12983,0.01567,"2010","Nature_dry",0.449864159414589,27,0,0.314808867764918,"Subpop","STEX",0,0,0.42597,2.5558
"137",NA,0.31962,0.04299,"2010","Nature_dry",0.42925570924902,NA,NA,0.296613761607745,"Subpop","STEX",0,0,0,0.31962
"138","1",1.34541,0.02361,"2010","Nature_dry",0.453684229696733,23,0,0.318408498756096,"Subpop","STEX",0,0,0,1.34541
"139","1",1.36705,0.02835,"2010","Nature_dry",0.454222740358042,21,0,0.318926112303204,"Subpop","STEX",0,0,0,1.36705
"140","1",1.40397,0.01082,"2010","Nature_dry",0.457773135477199,7,0,0.322102121877159,"Subpop","STEX",0,0,0,1.40397
"141","1",1.15902,0.00619,"2010","Nature_dry",0.461075053661959,1,0,0.325018086433591,"Subpop","STEX",0,0,0,1.15902
"142","1",2.02532,0,"2010","Nature_dry",0.459216923373696,19,0,0.323424162190818,"Subpop","STEX",0,0,0,2.02532
"143","0",1.84306,0.00742,"2010","Nature_dry",0.457246803819257,1,1,0.321610829894271,"Subpop","STEX",0,0,0,1.84306
"144","1",1.80587,0.01459,"2010","Nature_dry",0.456413796911564,20,0,0.320810935924151,"Subpop","STEX",0,0,0,1.80587
"145","0",1.76118,0.02501,"2010","Nature_dry",0.455149769909303,6.5,1,0.319730003234371,"Subpop","STEX",0,0,0.4403,2.20148
"146","0",1.42888,0.058,"2010","Nature_dry",0.449287329034058,1,1,0.314461613103985,"Subpop","STEX",0,0,0.35722,1.7861
"147","0",2.0001,0.01211,"2010","Nature_dry",0.457007664324387,7.5,1,0.321456520998915,"Subpop","STEX",0,0,0.50003,2.50013
"148","1",1.40095,0.01158,"2010","Nature_dry",0.457606144354466,20,0,0.321983757225932,"Subpop","STEX",0,0,0.46698,1.86794
"149","1",0.62881,0.0205,"2010","Nature_dry",0.461611970589673,21,0,0.32554501342114,"Subpop","STEX",0,0,0,0.62881
"150","0",1.0374,0.01719,"2010","Nature_dry",0.456832709940863,7,1,0.321407710691557,"Subpop","STEX",0,0,0,1.0374
"151","0",1.10589,0.009,"2010","Nature_dry",0.457282683314583,1,1,0.321858608615416,"Subpop","STEX",0,0,0,1.10589
"152","1",0.55093,0.01407,"2010","Nature_dry",0.446567158389489,3,0,0.31271553184162,"Subpop","STEX",0,0,0,0.55093
"153","1",0.68942,1.66109,"2017","Nature_wet",0,31,0,0,"Subpop","Ameland Vierkant",0.34471,1.03413,1.03413,3.10238
"154","1",1.27849,1.75987,"2018","Nature_wet",0,29.5,0,0,"Subpop","Ameland Vierkant",0.31962,0.95886,0,2.55697
"155","1",0.95886,1.75342,"2017","Nature_wet",0,29,0,0,"Subpop","Ameland Vierkant",0.31962,0.95886,1.27849,3.51584
"156","0",1.27849,1.77032,"2018","Nature_wet",0,3,1,0,"Subpop","Ameland Vierkant",0.31962,0.95886,0.31962,2.87659
"157","0",0.98938,1.81619,"2018","Nature_wet",0,30,1,0,"Subpop","Ameland Vierkant",0.32979,0.32979,0,1.64897
"158","0",0.65965,1.81634,"2017","Nature_wet",0,25,1,0,"Subpop","Ameland Vierkant",0.32983,0.98948,0.65965,2.63861
"159","0",0.63924,1.74973,"2017","Nature_wet",0,7.5,1,0,"Subpop","Ameland Vierkant",0.31962,0.95886,1.27849,3.19622
"160","1",0.63924,1.78703,"2017","Nature_wet",0,29,0,0,"Subpop","Ameland Vierkant",0.31962,1.27849,0.95886,3.19622
"161","1",0.68849,1.65759,"2017","Nature_wet",0,32,0,0,"Subpop","Ameland Vierkant",0.34425,1.03274,1.37698,3.44246
"162","1",0.63924,1.72981,"2017","Nature_wet",0,27.5,0,0,"Subpop","Ameland Vierkant",0.31962,0.95886,0.95886,2.87659
"163","0",1.27849,1.72907,"2018","Nature_wet",0,29.5,1,0,"Subpop","Ameland Vierkant",0.63924,0.95886,0.31962,3.19622
"164","1",0.63924,1.74191,"2017","Nature_wet",0,26.5,0,0,"Subpop","Ameland Vierkant",0.31962,0.95886,0.95886,2.87659
"165","0",0.63924,1.77001,"2017","Nature_wet",0,19,1,0,"Subpop","Ameland Vierkant",0.31962,1.27849,0.31962,2.55697
"166","0",0.36506,1.63815,"2018","Nature_wet",0,6.5,1,0,"Subpop","Ameland Vierkant",0.73011,1.09517,0.73011,2.92045
"167","0",0.367,1.63545,"2018","Nature_wet",0,5.5,1,0,"Subpop","Ameland Vierkant",0.734,1.101,0.734,2.936
"168","1",0.67229,1.64827,"2017","Nature_wet",0,21.5,0,0,"Subpop","Ameland Vierkant",0.33615,1.00844,1.34458,3.36146
"169","0",0.95886,1.76281,"2017","Nature_wet",0,33,1,0,"Subpop","Ameland Vierkant",0.63924,0.95886,0.63924,3.19622
"170","1",0.63924,1.73359,"2018","Nature_wet",0,21.5,0,0,"Subpop","Ameland Vierkant",0.63924,0,0.63924,1.91773
"171","0",0.95886,1.76592,"2017","Nature_wet",0,17.5,1,0,"Subpop","Ameland Vierkant",0.31962,0.63924,0.63924,2.55697
"172","0",0.95886,1.7646,"2018","Nature_wet",0,3.5,1,0,"Subpop","Ameland Vierkant",0.31962,0.31962,0.63924,2.23735
"173","1",0.65874,1.7824,"2017","Nature_wet",0,27.5,0,0,"Subpop","Ameland Vierkant",0.32937,0.65874,0.32937,1.97622
"174","0",0.3414,1.62775,"2018","Nature_wet",0,24.5,1,0,"Subpop","Ameland Vierkant",0.3414,0.3414,1.36561,2.38981
"175","1",0.34798,1.62161,"2017","Nature_wet",0,24,0,0,"Subpop","Ameland Vierkant",0,0.69597,1.04395,2.0879
"176","1",0.63924,1.7389,"2017","Nature_wet",0,30.5,0,0,"Subpop","Ameland Vierkant",0.31962,0.31962,0.31962,1.59811
"177","0",0.95886,1.73413,"2018","Nature_wet",0,1.5,1,0,"Subpop","Ameland Vierkant",0.63924,0.31962,0.63924,2.55697
"178","1",0.63924,1.68785,"2017","Nature_wet",0,28.5,0,0,"Subpop","Ameland Vierkant",0.31962,0.63924,0.31962,1.91773
"179","1",0.63924,1.68998,"2018","Nature_wet",0,28.5,0,0,"Subpop","Ameland Vierkant",0.63924,0,0.95886,2.23735
"180","0",0.96887,1.76594,"2017","Nature_wet",0,5.5,1,0,"Subpop","Ameland Vierkant",0.32296,0.32296,0.32296,1.93773
"181","0",0.97777,1.76684,"2017","Nature_wet",0,8,1,0,"Subpop","Ameland Vierkant",0.32592,0.32592,0.32592,1.95554
"182","1",0.95886,1.72745,"2018","Nature_wet",0,25.5,0,0,"Subpop","Ameland Vierkant",0.63924,0.31962,0.31962,2.23735
"183","0",0.95886,1.69136,"2018","Nature_wet",0,10.5,1,0,"Subpop","Ameland Vierkant",0.63924,0.31962,0.31962,2.23735
"184","1",0.3275,1.59964,"2017","Nature_wet",0,27.5,0,0,"Subpop","Ameland Vierkant",0,0.65501,0.65501,1.63752
"185","1",0.96562,1.75405,"2017","Nature_wet",0,33,0,0,"Subpop","Ameland Vierkant",0.64375,0.32187,0.32187,2.25312
"186","1",0.65679,1.59371,"2018","Nature_wet",0,30.5,0,0,"Subpop","Ameland Vierkant",0.65679,0.3284,0.3284,1.97038
"187","0",0.36622,1.55019,"2017","Nature_wet",0,17.5,1,0,"Subpop","Ameland Vierkant",0,0.73244,0.73244,1.8311
"188","0",0.63924,1.72234,"2018","Nature_wet",0,26.5,1,0,"Subpop","Ameland Vierkant",0.31962,0.63924,0.31962,1.91773
"189","0",0.63924,1.63333,"2017","Nature_wet",0,7,1,0,"Subpop","Ameland Vierkant",0.31962,0,0.31962,1.27849
"190","0",0.63924,1.6503,"2017","Nature_wet",0,8.5,1,0,"Subpop","Ameland Vierkant",0.31962,0,0,0.95886
"191","1",0.72147,1.53877,"2017","Nature_wet",0,17,0,0,"Subpop","Ameland Vierkant",0.36074,0.72147,0.72147,2.52516
"192","0",1.27849,1.64485,"2018","Nature_wet",0,13.5,1,0,"Subpop","Ameland Vierkant",0.63924,0,0.31962,2.23735
"193","0",1.06022,1.53611,"2018","Nature_wet",0,35.5,1,0,"Subpop","Ameland Vierkant",0.70681,0.70681,0,2.47385
"194","0",1.27849,1.58678,"2018","Nature_wet",0,17.5,1,0,"Subpop","Ameland Vierkant",0.31962,0.31962,0.31962,2.23735
"195","0",0.63924,1.65126,"2017","Nature_wet",0,24.5,1,0,"Subpop","Ameland Vierkant",0.31962,0.31962,0,1.27849
"196","0",1.27849,1.66735,"2018","Nature_wet",0,30.5,1,0,"Subpop","Ameland Vierkant",0.95886,0.31962,0.31962,2.87659
"197","0",0.95886,1.58695,"2017","Nature_wet",0,19.5,1,0,"Subpop","Ameland Vierkant",0.31962,0.63924,0.31962,2.23735
"198","1",0.32673,1.71686,"2017","Nature_wet",0,28.5,0,0,"Subpop","Ameland Vierkant",0.65347,0.32673,0,1.30693
"199","0",0.63924,1.56133,"2017","Nature_wet",0,27.5,1,0,"Subpop","Ameland Vierkant",0.95886,0.63924,0.31962,2.55697
"200","1",0.69884,1.73223,"2018","Nature_wet",0,21.5,0,0,"Subpop","Ameland Vierkant",0,0.34942,0.34942,1.39767
"201","0",1.27849,1.5395,"2018","Nature_wet",0,15,1,0,"Subpop","Ameland Vierkant",0.31962,0.63924,0.31962,2.55697
"202","0",0.63924,1.58339,"2017","Nature_wet",0,16,1,0,"Subpop","Ameland Vierkant",0.31962,0,0.31962,1.27849
"203","0",1.27849,1.56996,"2018","Nature_wet",0,16,1,0,"Subpop","Ameland Vierkant",0.63924,0.31962,0.63924,2.87659
"204","1",0.63924,1.63124,"2017","Nature_wet",0,27.5,0,0,"Subpop","Ameland Vierkant",0.31962,0.31962,0.31962,1.59811
"205","1",1.59811,1.65039,"2018","Nature_wet",0,31.5,0,0,"Subpop","Ameland Vierkant",0.31962,0.31962,0.31962,2.55697
"206","1",0.33285,1.48823,"2017","Nature_wet",0,11,0,0,"Subpop","Ameland Vierkant",0.66569,0.66569,0,1.66423
"207","1",0.75047,1.46318,"2018","Nature_wet",0,28.5,0,0,"Subpop","Ameland Vierkant",0.37523,0.37523,0,1.50094
"208","0",1.59811,1.6904,"2018","Nature_wet",0,19.5,1,0,"Subpop","Ameland Vierkant",0.63924,0.31962,0,2.55697
"209","1",0.63924,1.63727,"2017","Nature_wet",0,28.5,0,0,"Subpop","Ameland Vierkant",0.63924,0.63924,0.31962,2.23735
"210","1",0.63924,1.55084,"2017","Nature_wet",0,23,0,0,"Subpop","Ameland Vierkant",0,0.31962,0.31962,1.27849
"211","1",0.95886,1.59099,"2017","Nature_wet",0,24.5,0,0,"Subpop","Ameland Vierkant",0,0.63924,0.31962,1.91773
"212","0",0.95886,1.6423,"2017","Nature_wet",0,4.5,1,0,"Subpop","Ameland Vierkant",0.31962,0.63924,0.63924,2.55697
"213","0",0.63924,1.66078,"2017","Nature_wet",0,28,1,0,"Subpop","Ameland Vierkant",0.31962,0.63924,0.63924,2.23735
"214","1",0.31962,1.54412,"2017","Nature_wet",0,20.5,0,0,"Subpop","Ameland Vierkant",0,0.31962,0.31962,0.95886
"215","1",0.31962,1.48966,"2017","Nature_wet",0,27.5,0,0,"Subpop","Ameland Vierkant",0,0.31962,0.95886,1.59811
"216",NA,0.63924,1.59258,"2017","Nature_wet",0,27,NA,0,"Subpop","Ameland Vierkant",0.31962,0.63924,0.63924,2.23735
"217","1",0.31962,1.49189,"2017","Nature_wet",0,30.5,0,0,"Subpop","Ameland Vierkant",0,0.31962,0.63924,1.27849
"218",NA,0.63924,1.49603,"2017","Nature_wet",0,27,NA,0,"Subpop","Ameland Vierkant",0.31962,0.31962,0.63924,1.91773
"219","1",0.37448,1.70847,"2017","Nature_wet",0,27.5,0,0,"Subpop","Ameland Vierkant",0,0.37448,0.74895,1.4979
"220",NA,0.95886,1.58649,"2017","Nature_wet",0,16,NA,0,"Subpop","Ameland Vierkant",0.31962,0.31962,0.31962,1.91773
"221","0",0.64466,1.41615,"2017","Nature_wet",0,28,1,0,"Subpop","Ameland Vierkant",0.32233,0.32233,0.64466,1.93399
"222",NA,0.656,1.38897,"2017","Nature_wet",0,27,NA,0,"Subpop","Ameland Vierkant",0.328,0.328,0.656,1.96799
"223",NA,0.63924,1.59642,"2017","Nature_wet",0,NA,NA,0,"Subpop","Ameland Vierkant",0.31962,0,0.63924,1.59811
"224",NA,1.27849,1.52071,"2017","Nature_wet",0,NA,NA,0,"Subpop","Ameland Vierkant",0.31962,0,0.63924,2.23735
"225","1",0.63924,1.48763,"2017","Nature_wet",0,16.5,0,0,"Subpop","Ameland Vierkant",0.31962,0,0.31962,1.27849
"226","0",0.95886,1.5841,"2017","Nature_wet",0,17.5,1,0,"Subpop","Ameland Vierkant",0.31962,0.31962,0.63924,2.23735
"227",NA,0.63924,1.62112,"2017","Nature_wet",0,NA,NA,0,"Subpop","Ameland Vierkant",0.31962,0.31962,0.63924,1.91773
"228",NA,0.63924,1.41617,"2017","Nature_wet",0,NA,NA,0,"Subpop","Ameland Vierkant",0.31962,0.31962,0.31962,1.59811
"229",NA,0.95886,1.53369,"2017","Nature_wet",0,NA,NA,0,"Subpop","Ameland Vierkant",0.63924,0.31962,0,1.91773
"230","0",0.95886,1.52661,"2017","Nature_wet",0,1.5,1,0,"Subpop","Ameland Vierkant",0.63924,0.31962,0,1.91773
"231",NA,1.27849,1.37981,"2017","Nature_wet",0,25.5,NA,0,"Subpop","Ameland Vierkant",0.31962,0.31962,0,1.91773
"232","0",0.95886,1.63,"2017","Nature_wet",0,8.5,1,0,"Subpop","Ameland Vierkant",0.63924,0.31962,0.31962,2.23735
"233","0",0.63924,0.44861,"2017","Nature_wet",0,NA,1,0,"Subpop","Ameland Oerd",0,0,0,0.63924
"234","0",0.95886,0.42623,"2017","Nature_wet",0,16,1,0,"Subpop","Ameland Oerd",0,0,0,0.95886
"235","0",0.95886,0.41288,"2017","Nature_wet",0,23,1,0,"Subpop","Ameland Oerd",0,0,0,0.95886
"236","0",1.59811,0.21098,"2018","Nature_wet",0,11.5,1,0,"Subpop","Ameland Oerd",0,0,0.31962,1.91773
"237","0",1.59811,0.24962,"2017","Nature_wet",0,8,1,0,"Subpop","Ameland Oerd",0,0,0,1.59811
"238","0",1.91773,0.22646,"2017","Nature_wet",0,2.5,1,0,"Subpop","Ameland Oerd",0,0,0,1.91773
"239","0",0.63924,0.31846,"2018","Nature_wet",0,1,1,0,"Subpop","Ameland Oerd",0,0,0.63924,1.27849
"240","0",1.59811,0.2005,"2018","Nature_wet",0,17,1,0,"Subpop","Ameland Oerd",0,0,0.31962,1.91773
"241","0",1.27849,0.317,"2017","Nature_wet",0,4.5,1,0,"Subpop","Ameland Oerd",0,0,0,1.27849
"242","0",1.59811,0.20263,"2018","Nature_wet",0,2.5,1,0,"Subpop","Ameland Oerd",0,0,0.63924,2.23735
"243","0",0.63924,0.3207,"2018","Nature_wet",0,3.5,1,0,"Subpop","Ameland Oerd",0,0,0.63924,1.27849
"244","0",0.95886,0.30913,"2017","Nature_wet",0,32,1,0,"Subpop","Ameland Oerd",0,0,0,0.95886
"245","0",0.95886,0.23127,"2018","Nature_wet",0,1.5,1,0,"Subpop","Ameland Oerd",0,0,0.63924,1.59811
"246","0",0.95886,0.29813,"2018","Nature_wet",0,19.5,1,0,"Subpop","Ameland Oerd",0,0,0.63924,1.59811
"247","0",1.59811,0.22552,"2017","Nature_wet",0,3.5,1,0,"Subpop","Ameland Oerd",0,0,0.31962,1.91773
"248","1",1.27849,0.23941,"2017","Nature_wet",0,29,0,0,"Subpop","Ameland Oerd",0,0,0,1.27849
"249","1",1.59811,0.19622,"2017","Nature_wet",0,30,0,0,"Subpop","Ameland Oerd",0,0,0.31962,1.91773
"250","1",1.59811,0.19313,"2018","Nature_wet",0,31.5,0,0,"Subpop","Ameland Oerd",0,0,0.63924,2.23735
"251","0",1.27849,0.23441,"2017","Nature_wet",0,1.5,1,0,"Subpop","Ameland Oerd",0,0,0,1.27849
"252","0",0.95886,0.29615,"2017","Nature_wet",0,13.5,1,0,"Subpop","Ameland Oerd",0,0,0,0.95886
"253","1",1.59811,0.20355,"2017","Nature_wet",0,2.5,0,0,"Subpop","Ameland Oerd",0,0,0.31962,1.91773
"254","1",0.95886,0.26941,"2017","Nature_wet",0,27,0,0,"Subpop","Ameland Oerd",0,0,0,0.95886
"255","0",1.59811,0.18428,"2018","Nature_wet",0,6,1,0,"Subpop","Ameland Oerd",0,0,0.31962,1.91773
"256","0",1.27849,0.20881,"2018","Nature_wet",0,6.5,1,0,"Subpop","Ameland Oerd",0,0,0.63924,1.91773
"257","0",1.27849,0.20707,"2018","Nature_wet",0,1,1,0,"Subpop","Ameland Oerd",0,0,0.63924,1.91773
"258","1",0.95886,0.26202,"2018","Nature_wet",0,25.5,0,0,"Subpop","Ameland Oerd",0,0,0.63924,1.59811
"259","0",1.27849,0.19257,"2017","Nature_wet",0,26,1,0,"Subpop","Ameland Oerd",0,0,0.31962,1.59811
"260","0",0.95886,0.22769,"2017","Nature_wet",0,26.5,1,0,"Subpop","Ameland Oerd",0,0,0.31962,1.27849
"261","0",1.91773,0.17911,"2018","Nature_wet",0,16,1,0,"Subpop","Ameland Oerd",0,0,0.31962,2.23735
"262","0",0.95886,0.20331,"2018","Nature_wet",0,2,1,0,"Subpop","Ameland Oerd",0,0,0.63924,1.59811
"263","0",0.95886,0.19762,"2018","Nature_wet",0,23,1,0,"Subpop","Ameland Oerd",0,0,0.63924,1.59811
"264","0",1.27849,0.16239,"2017","Nature_wet",0,3.5,1,0,"Subpop","Ameland Oerd",0,0,0.31962,1.59811
"265","1",0.35138,0.39723,"2018","Nature_wet",0,1,0,0,"Subpop","Ameland Oerd",0,0,0,0.35138
"266","0",1.59811,0.14862,"2018","Nature_wet",0,9.5,1,0,"Subpop","Ameland Oerd",0,0,0.31962,1.91773
"267","0",0.95886,0.13377,"2017","Nature_wet",0,9,1,0,"Subpop","Ameland Oerd",0,0,0.31962,1.27849
"268","0",0.69505,0.34653,"2018","Nature_wet",0,1,1,0,"Subpop","Ameland Oerd",0,0,0,0.69505
"269","0",1.27849,0.12059,"2018","Nature_wet",0,1.5,1,0,"Subpop","Ameland Oerd",0,0,0,1.27849
"270","0",0.95886,0.10897,"2018","Nature_wet",0,3.5,1,0,"Subpop","Ameland Oerd",0,0,0,0.95886
"271","0",1.28086,0.08887,"2018","Nature_wet",0,11.5,1,0,"Subpop","Ameland Oerd",0,0,0,1.28086
"272","0",0.64545,0.08466,"2018","Nature_wet",0,40.5,1,0,"Subpop","Ameland Oerd",0,0,0,0.64545
"273","0",0.95886,0.09944,"2017","Nature_wet",0,1.5,1,0,"Subpop","Ameland Oerd",0,0,0.31962,1.27849
"274","1",1.09649,0.05199,"2017","Nature_wet",0,29,0,0,"Subpop","Ameland Oerd",0,0,0.3655,1.46199
"275","0",0.87252,0.0259,"2018","Nature_wet",0,20.5,1,0,"Subpop","Ameland Oerd",0,0,0,0.87252
"276","0",1.26711,0.02951,"2017","Nature_wet",0,8,1,0,"Subpop","Ameland Oerd",0,0,0,1.26711
"277","0",1.21384,0.03483,"2018","Nature_wet",0,1,1,0,"Subpop","Ameland Oerd",0,0,0,1.21384
"278","0",1.16645,0.04019,"2017","Nature_wet",0,12.5,1,0,"Subpop","Ameland Oerd",0,0,0,1.16645
"279","1",1.12254,0.04564,"2017","Nature_wet",0,32,0,0,"Subpop","Ameland Oerd",0,0,0,1.12254
"280","1",0.75927,0.04232,"2017","Nature_wet",0,21.5,0,0,"Subpop","Ameland Oerd",0,0,0,0.75927
"281","0",1.23132,0.02897,"2017","Nature_wet",0,10.5,1,0,"Subpop","Ameland Oerd",0,0,0,1.23132
"282","0",1.08046,0.05068,"2018","Nature_wet",0,22.5,1,0,"Subpop","Ameland Oerd",0,0,0,1.08046
"283","0",0.63924,0.12584,"2017","Nature_wet",0,1,1,0,"Subpop","Ameland Oerd",0,0,0.31962,0.95886
"284","1",1.12952,0.04264,"2018","Nature_wet",0,28.5,0,0,"Subpop","Ameland Oerd",0,0,0,1.12952
"285","0",1.21423,0.03153,"2018","Nature_wet",0,17.5,1,0,"Subpop","Ameland Oerd",0,0,0,1.21423
"286","0",1.18713,0.03529,"2018","Nature_wet",0,1,1,0,"Subpop","Ameland Oerd",0,0,0,1.18713
"287","0",1.2161,0.03176,"2017","Nature_wet",0,12.5,1,0,"Subpop","Ameland Oerd",0,0,0,1.2161
"288",NA,1.18185,0.03615,"2017","Nature_wet",0,2,NA,0,"Subpop","Ameland Oerd",0,0,0,1.18185
"289","0",1.31544,0.07444,"2017","Nature_wet",0,18,1,0,"Subpop","Ameland Oerd",0,0,0,1.31544
"290","0",1.51768,0.04264,"2018","Nature_wet",0,14.5,1,0,"Subpop","Ameland Oerd",0,0,0,1.51768
"291","0",0.31962,0.19261,"2018","Nature_wet",0,1,1,0,"Subpop","Ameland Oerd",0,0,0,0.31962
"292","1",1.24507,0.02936,"2018","Nature_wet",0,28.5,0,0,"Subpop","Ameland Oerd",0,0,0,1.24507
"293","0",1.59811,0.0919,"2018","Nature_wet",0,9.5,1,0,"Subpop","Ameland Oerd",0,0,0,1.59811
"294","0",0.63924,0.19506,"2017","Nature_wet",0,1,1,0,"Subpop","Ameland Oerd",0,0,0,0.63924
"295","1",1.25303,0.02863,"2017","Nature_wet",0,38.5,0,0,"Subpop","Ameland Oerd",0,0,0,1.25303
"296","0",1.20705,0.03386,"2017","Nature_wet",0,11.5,1,0,"Subpop","Ameland Oerd",0,0,0,1.20705
"297","0",1.30384,0.02357,"2018","Nature_wet",0,15.5,1,0,"Subpop","Ameland Oerd",0,0,0,1.30384
"298","0",1.26909,0.02717,"2017","Nature_wet",0,13,1,0,"Subpop","Ameland Oerd",0,0,0,1.26909
"299","0",1.21163,0.0335,"2017","Nature_wet",0,7,1,0,"Subpop","Ameland Oerd",0,0,0,1.21163
"300","0",1.33298,0.02107,"2017","Nature_wet",0,1,1,0,"Subpop","Ameland Oerd",0,0,0,1.33298
"301","0",0.95886,0.16795,"2018","Nature_wet",0,12.5,1,0,"Subpop","Ameland Oerd",0,0,0.31962,1.27849
"302","0",0.35693,0.24857,"2017","Nature_wet",0,11.5,1,0,"Subpop","Ameland Oerd",0,0,0,0.35693
"303","0",1.55497,0.04017,"2018","Nature_wet",0,1.5,1,0,"Subpop","Ameland Oerd",0,0,0,1.55497
"304","0",1.55497,0.04017,"2018","Nature_wet",0,1.5,1,0,"Subpop","Ameland Oerd",0,0,0,1.55497
"305","0",1.79099,0.02175,"2018","Nature_wet",0,1,1,0,"Subpop","Ameland Oerd",0,0,0,1.79099
"306","0",1.81893,0.02026,"2017","Nature_wet",0,4,1,0,"Subpop","Ameland Oerd",0,0,0,1.81893
"307","0",1.27849,0.11771,"2017","Nature_wet",0,11.5,1,0,"Subpop","Ameland Oerd",0,0,0.31962,1.59811
"308","0",1.65629,0.07001,"2018","Nature_wet",0,14,1,0,"Subpop","Ameland Oerd",0,0,0,1.65629
"309","0",1.80551,0.05309,"2018","Nature_wet",0,4.5,1,0,"Subpop","Ameland Oerd",0,0,0,1.80551
"310","0",1.27849,0.11481,"2017","Nature_wet",0,15.5,1,0,"Subpop","Ameland Oerd",0,0,0.31962,1.59811
"311","0",0.94859,0.01721,"2017","Nature_wet",0,4.5,1,0,"Subpop","Ameland Oerd",0,0,0,0.94859
"312","1",1.0803,0.05435,"2017","Nature_wet",0,25.5,0,0,"Subpop","Ameland Oerd",0,0,0.3601,1.4404
"313","0",1.94081,0.01521,"2018","Nature_wet",0,20.5,1,0,"Subpop","Ameland Oerd",0,0,0,1.94081
"314","0",1.89547,0.01784,"2018","Nature_wet",0,4.5,1,0,"Subpop","Ameland Oerd",0,0,0,1.89547
"315","0",1.81538,0.0233,"2018","Nature_wet",0,1.5,1,0,"Subpop","Ameland Oerd",0,0,0,1.81538
"316","0",1.42969,0.05706,"2017","Nature_wet",0,1,1,0,"Subpop","Ameland Oerd",0,0,0.35742,1.78712
"317","0",1.40279,0.02069,"2017","Nature_wet",0,7,1,0,"Subpop","Ameland Oerd",0,0,0,1.40279
"318","0",0.95886,0.09659,"2017","Nature_wet",0,1.5,1,0,"Subpop","Ameland Oerd",0,0,0.63924,1.59811
"319","0",2.23735,0.10623,"2018","Nature_wet",0,16.5,1,0,"Subpop","Ameland Oerd",0,0,0.31962,2.55697
"320","0",1.79187,0.02681,"2017","Nature_wet",0,1.5,1,0,"Subpop","Ameland Oerd",0,0,0.44797,2.23984
"321","0",1.9084,0.04762,"2018","Nature_wet",0,31.5,1,0,"Subpop","Ameland Oerd",0,0,0,1.9084
"322","1",1.6544,0.03657,"2017","Nature_wet",0,25.5,0,0,"Subpop","Ameland Oerd",0,0,0.4136,2.068
"323","0",2.23735,0.0912,"2018","Nature_wet",0,1,1,0,"Subpop","Ameland Oerd",0,0,0.31962,2.55697
"324","1",2.03965,0.0387,"2018","Nature_wet",0,26.5,0,0,"Subpop","Ameland Oerd",0,0,0,2.03965
"325","0",2.01963,0.04026,"2018","Nature_wet",0,10,1,0,"Subpop","Ameland Oerd",0,0,0,2.01963
"326","0",1.58372,0.04335,"2017","Nature_wet",0,1,1,0,"Subpop","Ameland Oerd",0,0,0.79186,2.37558
"327","0",1.27849,0.10544,"2017","Nature_wet",0,5.5,1,0,"Subpop","Ameland Oerd",0,0,0.63924,1.91773
"328","1",1.8492,0.02696,"2018","Nature_wet",0,16.5,0,0,"Subpop","Ameland Oerd",0,0,0,1.8492
"329","0",0.33776,0.13867,"2017","Nature_wet",0,11,1,0,"Subpop","Ameland Oerd",0,0,0,0.33776
"330","0",0.68074,0.13897,"2018","Nature_wet",0,28.5,1,0,"Subpop","Ameland Oerd",0,0,0.34037,1.0211
"331","0",0.65244,0.12273,"2017","Nature_wet",0,15,1,0,"Subpop","Ameland Oerd",0,0.32622,0,0.97867
"332","0",1.23173,0.04514,"2017","Nature_wet",0,10.5,1,0,"Subpop","Ameland Oerd",0,0,0.82115,2.05288
"333","0",1.31932,0.03631,"2018","Nature_wet",0,8.5,1,0,"Subpop","Ameland Oerd",0,0,0,1.31932
"334","0",1.6373,0.08311,"2018","Nature_wet",0,18.5,1,0,"Subpop","Ameland Oerd",0,0,0.32746,1.96477
"335","0",1.4662,0.02424,"2018","Nature_wet",0,6.5,1,0,"Subpop","Ameland Oerd",0,0,0,1.4662
"336","1",2.01147,0.02166,"2018","Nature_wet",0,30.5,0,0,"Subpop","Ameland Oerd",0,0,0,2.01147
"337","1",1.5971,0.01593,"2017","Nature_wet",0,29.5,0,0,"Subpop","Ameland Oerd",0,0,0.53237,2.12947
"338","0",1.98995,0.02191,"2018","Nature_wet",0,1,1,0,"Subpop","Ameland Oerd",0,0,0,1.98995
"339","0",1.09513,0.11234,"2018","Nature_wet",0,5.5,1,0,"Subpop","Ameland Oerd",0,0,0,1.09513
"340","0",1.93911,0.02417,"2017","Nature_wet",0,1,1,0,"Subpop","Ameland Oerd",0,0,0.48478,2.42389
"341","0",1.44502,0.02479,"2018","Nature_wet",0,26.5,1,0,"Subpop","Ameland Oerd",0,0,0,1.44502
"342","1",1.53744,0.01864,"2018","Nature_wet",0,28,0,0,"Subpop","Ameland Oerd",0,0,0,1.53744
"343","0",1.06534,0.10552,"2018","Nature_wet",0,38,1,0,"Subpop","Ameland Oerd",0,0,0,1.06534
"344","1",1.32789,0.09089,"2017","Nature_wet",0,24.5,0,0,"Subpop","Ameland Oerd",0,0.33197,0,1.65986
"345","0",1.89807,0.02586,"2017","Nature_wet",0,4.5,1,0,"Subpop","Ameland Oerd",0,0,0.47452,2.37259
"346","0",1.44129,0.1065,"2017","Nature_wet",0,4.5,1,0,"Subpop","Ameland Oerd",0,0.36032,0,1.80161
"347","0",2.02102,0.01949,"2018","Nature_wet",0,9.5,1,0,"Subpop","Ameland Oerd",0,0,0,2.02102
"348","0",1.99283,0.02083,"2017","Nature_wet",0,33.5,1,0,"Subpop","Ameland Oerd",0,0,0.49821,2.49103
"349","0",1.0735,0.10455,"2018","Nature_wet",0,6,1,0,"Subpop","Ameland Oerd",0,0,0,1.0735
"350","0",1.59473,0.01448,"2017","Nature_wet",0,1,1,0,"Subpop","Ameland Oerd",0,0,0.53158,2.1263
"351","0",1.32144,0.08414,"2018","Nature_wet",0,22.5,1,0,"Subpop","Ameland Oerd",0,0,0,1.32144
"352","0",1.61912,0.05569,"2017","Nature_wet",0,14,1,0,"Subpop","Ameland Oerd",0,0.32382,0,1.94294
"353","0",1.33815,0.08592,"2017","Nature_wet",0,20.5,1,0,"Subpop","Ameland Oerd",0,0.33454,0,1.67269
"354","0",1.66251,0.00791,"2017","Nature_wet",0,13,1,0,"Subpop","Ameland Oerd",0,0,0.55417,2.21668
"355","0",1.36249,0.09114,"2018","Nature_wet",0,3.5,1,0,"Subpop","Ameland Oerd",0,0,0,1.36249
"356","0",1.62201,0.07405,"2018","Nature_wet",0,2.5,1,0,"Subpop","Ameland Oerd",0,0,0,1.62201
"357","0",1.62522,0.06747,"2017","Nature_wet",0,18,1,0,"Subpop","Ameland Oerd",0,0.32504,0,1.95027
"358","0",1.67051,0.08625,"2017","Nature_wet",0,22,1,0,"Subpop","Ameland Oerd",0,0.3341,0,2.00461
"359","0",1.65898,0.06595,"2017","Nature_wet",0,21,1,0,"Subpop","Ameland Oerd",0,0.3318,0,1.99078
"360","0",1.67336,0.06414,"2017","Nature_wet",0,10,1,0,"Subpop","Ameland Oerd",0,0.33467,0,2.00803
"361","0",1.98973,0.03351,"2018","Nature_wet",0,1,1,0,"Subpop","Ameland Oerd",0,0,0,1.98973
"362","0",1.83446,0.05455,"2018","Nature_wet",0,17.5,1,0,"Subpop","Ameland Oerd",0,0,0,1.83446
"363","1",1.85322,0.05297,"2017","Nature_wet",0,12.5,0,0,"Subpop","Ameland Oerd",0,0.37064,0,2.22387
"364","0",1.91688,0.04885,"2018","Nature_wet",0,14.5,1,0,"Subpop","Ameland Oerd",0,0,0,1.91688
"365","1",2.18245,0.03279,"2017","Nature_wet",0,6.5,0,0,"Subpop","Ameland Oerd",0,0.43649,0,2.61894
"366","1",2.05179,0.04369,"2018","Nature_wet",0,18,0,0,"Subpop","Ameland Oerd",0,0,0,2.05179
"367","1",2.48657,0.0168,"2018","Nature_wet",0,8.5,0,0,"Subpop","Ameland Oerd",0,0,0,2.48657
"368","0",1.25881,0.04189,"2017","Nature_wet",0,7.5,1,0,"Subpop","Ameland Oerd",0,0.4196,0,1.67842
"369","0",2.51648,0.01716,"2018","Nature_wet",0,22.5,1,0,"Subpop","Ameland Oerd",0,0,0,2.51648
"370","0",1.33428,0.03986,"2017","Nature_wet",0,15,1,0,"Subpop","Ameland Oerd",0,0,0,1.33428
"371","0",1.48787,0.06225,"2018","Nature_wet",0,1.5,1,0,"Subpop","Ameland Oerd",0,0,0,1.48787
"372","1",1.26636,0.02796,"2017","Nature_wet",0,18.5,0,0,"Subpop","Ameland Oerd",0,0,0,1.26636
"373","0",1.2458,0.04307,"2018","Nature_wet",0,20,1,0,"Subpop","Ameland Oerd",0,0,0,1.2458
"374","0",0.45537,0.05741,"2018","Nature_wet",0,11.5,1,0,"Subpop","Ameland Oerd",0,0,0,0.45537
"375","0",1.43768,0.03542,"2017","Nature_wet",0,24,1,0,"Subpop","Ameland Oerd",0,0,0,1.43768
"376","0",0.52268,0.03909,"2017","Nature_wet",0,27,1,0,"Subpop","Ameland Oerd",0,0,0,0.52268
"377","0",1.1327,0.01887,"2018","Nature_wet",0,1,1,0,"Subpop","Ameland Oerd",0,0,0,1.1327
"378","0",1.16279,0.02672,"2018","Nature_wet",0,1.5,1,0,"Subpop","Ameland Oerd",0,0,0,1.16279
"379","1",0.63924,0,"2018","Nature_wet",0.554252765767892,1,0,0.194551934253563,"Nestkaart","Nestkaart",0,0,0.95886,1.59811
"380","0",0.3211,0,"2018","Water_inland",0.56514219619707,5,1,0.519002717779403,"Nestkaart","Nestkaart",0.3211,0.3211,0,0.9633
"381","0",0.32465,1.26733,"2017","Agriculture_grassland",0.883112739168511,NA,NA,0.74738171367682,"Nestkaart","Nestkaart",0,0,0,0.32465
"382","0",0.34774,1.28318,"2017","Agriculture_grassland",0.88373619299824,NA,NA,0.747541802194692,"Nestkaart","Nestkaart",0,0,0,0.34774
"383","0",0.65464,1.27749,"2017","Agriculture_grassland",0.883555848657302,NA,NA,0.747488313818574,"Nestkaart","Nestkaart",0,0,0,0.65464
"384","0",0.36831,1.31544,"2017","Agriculture_crop",0.775352646976844,NA,NA,0.713568023030012,"Nestkaart","Nestkaart",0,0,0,0.36831
"385","1",0.32196,1.52345,"2017","Agriculture_crop",0.776972769256891,NA,NA,0.714014453220345,"Nestkaart","Nestkaart",0,0,0,0.32196
"386","0",0.31962,0.75711,"2017","Agriculture_crop",0.774384508982187,NA,NA,0.713449997820509,"Nestkaart","Nestkaart",0,0.31962,0,0.63924
"387","0",0.31962,1.08207,"2018","Agriculture_crop",0.882498188109972,NA,NA,0.747325059321875,"Nestkaart","Nestkaart",0,0,0,0.31962
"388",NA,0.31962,0,"2009","Agriculture_grassland",0.87885479,NA,NA,0.850785262,"Nestkaart","Nestkaart",0,0,0,0.31962
"389","0",0.31962,0,"2009","Agriculture_grassland",0.87885479,17,1,0.850785262,"Nestkaart","Nestkaart",0,0,0,0.31962
"390",NA,0.31962,0,"2009","Agriculture_grassland",0.87885479,NA,NA,0.850785262,"Nestkaart","Nestkaart",0,0,0,0.31962
"391","1",0.31962,10.59637,"2009","Agriculture_crop",0.650424444,1,0,0.695342354,"Nestkaart","Nestkaart",0.95886,1.27849,0.31962,2.87659
"392","1",0.31962,9.99512,"2009","Agriculture_grassland",0.647406689,1,0,0.694840057,"Nestkaart","Nestkaart",0,0.31962,0,0.63924
"393",NA,0.63924,13.57115,"2014","Nature_wet",0.672980331,NA,NA,0.713963373,"Nestkaart","Nestkaart",1.91773,3.83546,0.95886,7.3513
"394","0",0.63924,0,"2016","Agriculture",0.82062611,17,1,0.777852616,"Nestkaart","Nestkaart",0,0,0,0.63924
"395","1",0.63924,0,"2016","Agriculture",0.82062611,13,0,0.777852616,"Nestkaart","Nestkaart",0,0,0,0.63924
"396","0",0.63924,0,"2016","Agriculture",0.82062611,6.5,1,0.777852616,"Nestkaart","Nestkaart",0,0,0,0.63924
"397","0",0.31962,9.64555,"2009","Agriculture_grassland",0.664963554,NA,1,0.468374677,"Nestkaart","Nestkaart",0,0.31962,0,0.63924
"398","1",0.31962,9.43497,"2009","Agriculture_grassland",0.663937904,1,0,0.468245093,"Nestkaart","Nestkaart",0.31962,0.31962,0.31962,1.27849
"399",NA,0.31962,103.948,"2017","Agriculture_crop",0.51892308,NA,NA,0.691599706,"Nestkaart","Nestkaart",0,1.59811,0,1.91773
"400",NA,0.3368,12.89251,"2014","Agriculture_grassland",0.714926133,NA,NA,0.794159187,"Nestkaart","Nestkaart",0,0,0.3368,0.6736
"401","1",0.31962,25.14219,"2015","Agriculture_grassland",0.9133996,1,0,0.791472787,"Nestkaart","Nestkaart",0.31962,0.31962,0.31962,1.27849
"402","0",0.31962,104.6843,"2017","Agriculture_crop",0.624422704,10.5,1,0.772041798,"Nestkaart","Nestkaart",0,2.87659,0.31962,3.51584
"403","1",0.63924,0,"2016","Agriculture",0.82062611,13,0,0.777852616,"Nestkaart","Nestkaart",0,0,0,0.63924
"404","0",0.66087,18.95605,"2016","Agriculture_grassland",0.712574716,25,1,0.755438107,"Nestkaart","Nestkaart",0.33044,2.31306,1.32175,4.62611
"405","1",0.31962,13.41891,"2017","Nature_wet",0.67300021,19,0,0.713967657,"Nestkaart","Nestkaart",2.55697,2.55697,0.63924,6.07281
"406",NA,0.31962,0.3849,"2015","Agriculture_grassland",0.673486442,NA,NA,0.25609828,"Nestkaart","Nestkaart",1.27849,0,0,1.59811
"407","0",0.63924,10.80149,"2015","Agriculture_grassland",0.643234991,NA,1,0.677069125,"Nestkaart","Nestkaart",1.27849,0.31962,0.63924,2.87659
"408","1",0.34241,8.63042,"2015","Agriculture_grassland",0.708701863,1,0,0.711592691,"Nestkaart","Nestkaart",0,2.73926,0.34241,3.42407
"409","1",0.33224,8.68283,"2015","Agriculture_grassland",0.710094854,1,0,0.711903316,"Nestkaart","Nestkaart",0,3.32237,0.33224,3.98684
"410","1",0.63924,17.67375,"2015","Agriculture",0.518283543,1,0,0.507248635,"Nestkaart","Nestkaart",0,0.63924,0.31962,1.59811
"411","1",0.32256,13.39158,"2017","Agriculture_grassland",0.673003988,26,0,0.713968685,"Nestkaart","Nestkaart",2.25792,2.58048,0.32256,5.48352
"412","1",0.63924,13.41064,"2017","Nature_wet",0.673001859,19,0,0.713967819,"Nestkaart","Nestkaart",3.19622,2.87659,0.31962,7.03167
"413","0",0.63924,13.33103,"2016","Agriculture_grassland",0.575681713,1,1,0.687793962,"Nestkaart","Nestkaart",0,0.31962,0,0.95886
"414",NA,0.36499,12.59358,"2015","Agriculture_crop",0.678246262,NA,NA,0.656146092,"Nestkaart","Nestkaart",0,0.72998,0,1.09497
"415","0",0.63924,0,"2017","Agriculture",0.82062611,10.5,1,0.777852616,"Nestkaart","Nestkaart",0,0.31962,0,0.95886
"416",NA,0.31962,0.41301,"2015","Agriculture_grassland",0.672613809,NA,NA,0.255771834,"Nestkaart","Nestkaart",0.63924,0,0,0.95886
"417","1",0.63924,0,"2017","Agriculture",0.82062611,21,0,0.777852616,"Nestkaart","Nestkaart",0,0.31962,0,0.95886
"418",NA,0.95886,9.37756,"2015","Agriculture_grassland",0.739020809,NA,NA,0.763379452,"Nestkaart","Nestkaart",1.59811,3.51584,2.87659,8.9494
"419",NA,0.96243,18.98695,"2016","Agriculture_grassland",0.712616489,4,NA,0.755464433,"Nestkaart","Nestkaart",0,0.96243,0,1.92487
"420","0",0.33813,18.37218,"2016","Nature_wet",0.631201693,15.5,1,0.589006699,"Nestkaart","Nestkaart",0,0,0,0.33813
"421","1",0.31962,104.7232,"2016","Agriculture_grassland",0.624396577,32,0,0.77203437,"Nestkaart","Nestkaart",0,2.87659,0,3.19622
"422",NA,0.63924,19.61921,"2014","Agriculture_grassland",0.931986973,NA,NA,0.723831845,"Nestkaart","Nestkaart",0.95886,0.63924,0,2.23735
"423","1",0.68564,6.07212,"2015","Agriculture_grassland",0.610285097,1,0,0.699884062,"Nestkaart","Nestkaart",1.02845,0.34282,0.68564,2.74254
"424","0",0.31962,105.8616,"2016","Agriculture_crop",0.544795914,11.5,1,0.750482861,"Nestkaart","Nestkaart",0,1.27849,0,1.59811
"425","0",0.63924,0,"2017","Agriculture",0.82062611,7,1,0.777852616,"Nestkaart","Nestkaart",0,0.31962,0,0.95886
"426","1",0.63924,6.07777,"2015","Agriculture_grassland",0.61021594,1,0,0.699835098,"Nestkaart","Nestkaart",0.95886,0.31962,0.63924,2.55697
"427","1",0.31962,12.86455,"2015","Agriculture_grassland",0.674314768,1,0,0.655741315,"Nestkaart","Nestkaart",0,0,0,0.31962
"428","0",0.63924,0,"2017","Agriculture",0.82062611,7,1,0.777852616,"Nestkaart","Nestkaart",0,0.31962,0,0.95886
"429","0",0.31962,103.8773,"2016","Agriculture_crop",0.51874237,11,1,0.691570501,"Nestkaart","Nestkaart",0,0,0,0.31962
"430","0",0.63924,0,"2017","Agriculture",0.82062611,7,1,0.777852616,"Nestkaart","Nestkaart",0,0.31962,0,0.95886
"431","1",0.63924,0,"2017","Agriculture",0.82062611,35,0,0.777852616,"Nestkaart","Nestkaart",0,0.31962,0,0.95886
"432",NA,0.31962,17.78698,"2015","Agriculture",0.518351266,NA,NA,0.507275541,"Nestkaart","Nestkaart",0.63924,0.63924,0.31962,1.91773
"433","0",0.31962,104.8948,"2016","Agriculture_grassland",0.624295265,3,1,0.771997963,"Nestkaart","Nestkaart",0,0,0,0.31962
"435","0",0.31962,104.3033,"2016","Agriculture_grassland",0.624419087,7.5,1,0.772046091,"Nestkaart","Nestkaart",0.31962,1.59811,0,2.23735
"437","1",0.31962,29.1771,"2016","Agriculture_grassland",0.758644359,35,0,0.649022529,"Nestkaart","Nestkaart",0,0,0,0.31962
"440","0",0.3243,20.64441,"2016","Agriculture_grassland",0.579478743,31.5,1,0.62526936,"Nestkaart","Nestkaart",0,0.3243,0,0.64859
"444",NA,0.63924,19.61921,"2014","Agriculture_grassland",0.931986973,NA,NA,0.723831845,"Nestkaart","Nestkaart",0.95886,0.63924,0,2.23735
"445",NA,0.3334,51.12034,"2016","Agriculture_grassland",0.549720758,1,NA,0.673747574,"Nestkaart","Nestkaart",0,0.3334,0,0.6668
"447","1",0.7227,7.74196,"2015","Agriculture_grassland",0.658718272,1,0,0.811635621,"Nestkaart","Nestkaart",1.08405,1.4454,0.36135,3.6135
"448",NA,0.31962,103.8951,"2014","Agriculture_crop",0.518818545,NA,NA,0.691583295,"Nestkaart","Nestkaart",0,0.31962,0,0.63924
"449","1",0.35059,66.74585,"2015","Agriculture_crop",0.709528125,1,0,0.66291014,"Nestkaart","Nestkaart",0,0,0,0.35059
"450",NA,0.3368,12.89251,"2014","Agriculture_grassland",0.714926133,NA,NA,0.794159187,"Nestkaart","Nestkaart",0,0,0.3368,0.6736
"451",NA,0.31962,13.40809,"2014","Agriculture_grassland",0.575675408,NA,NA,0.687791146,"Nestkaart","Nestkaart",0.31962,0,0,0.63924
"452",NA,0.63924,0.52163,"2015","Nature_wet",0.304708435,NA,NA,0.137282196,"Nestkaart","Nestkaart",0.95886,0.31962,0,1.91773
"453","1",0.33542,5.96786,"2016","Agriculture_grassland",0.652093481,17,0,0.755667098,"Nestkaart","Nestkaart",0,1.00627,0.33542,1.67712
"454","0",1.91773,0,"2011","Nature_wet",0.938032867,17,1,0.876345442,"Nestkaart","Nestkaart",0,0,0,1.91773
"456",NA,0.31962,13.33103,"2014","Agriculture_grassland",0.575681713,NA,NA,0.687793962,"Nestkaart","Nestkaart",0.31962,0.31962,0.31962,1.27849
"457",NA,0.31962,0.42135,"2015","Agriculture",0.673214143,NA,NA,0.255982979,"Nestkaart","Nestkaart",1.27849,0,0,1.59811
"458",NA,0.63924,13.51269,"2014","Nature_wet",0.672989023,NA,NA,0.713965043,"Nestkaart","Nestkaart",2.23735,5.43357,1.27849,9.58865
"460",NA,0.63924,13.57115,"2014","Nature_wet",0.672980331,NA,NA,0.713963373,"Nestkaart","Nestkaart",1.91773,3.83546,0.95886,7.3513
"462","1",0.31962,5.95227,"2016","Agriculture",0.652280725,22,0,0.755660915,"Nestkaart","Nestkaart",0,1.59811,0.31962,2.23735
"463",NA,0.63924,19.61921,"2014","Agriculture_grassland",0.931986973,NA,NA,0.723831845,"Nestkaart","Nestkaart",0.95886,0.63924,0,2.23735
"464",NA,0.31962,38.73601,"2014","Agriculture_crop",0.687932436,NA,NA,0.699870913,"Nestkaart","Nestkaart",0,1.59811,0,1.91773
"485","1",0.31962,74.06371,"2014","Agriculture_grassland",0.713972445,1,0,0.742871726,"Nestkaart","Nestkaart",0,0.31962,0,0.63924
"487","1",1.27849,33.31933,"2016","Agriculture_grassland",0.440684983,21,0,0.394387587,"Nestkaart","Nestkaart",0.63924,0.63924,0.63924,3.19622
"489","1",0.34215,1.4261,"2015","Agriculture_crop",0.429312903,1,0,0.181045414,"Nestkaart","Nestkaart",0.34215,0,0,0.6843
"490",NA,0.31962,18.23744,"2015","Water_inland",0.518459466,NA,NA,0.507308652,"Nestkaart","Nestkaart",0.63924,0.63924,0.63924,2.23735
"494",NA,0.63924,62.8533,"2016","Agriculture_grassland",0.666319421,NA,NA,0.731830115,"Nestkaart","Nestkaart",0.63924,0.95886,0,2.23735
"495","1",0.31962,25.30184,"2016","Agriculture_grassland",0.832138762,1,0,0.860513142,"Nestkaart","Nestkaart",1.91773,0.63924,0.63924,3.51584
"500",NA,0.31962,14.70013,"2016","Agriculture",0.619819921,1,NA,0.644764739,"Nestkaart","Nestkaart",0.63924,0.31962,0.63924,1.91773
"503","0",0.31962,78.38981,"2016","Agriculture_grassland",0.999983304,9.5,1,0.999991331,"Nestkaart","Nestkaart",0,0.31962,0,0.63924
"505",NA,0.31962,18.10739,"2015","Agriculture_grassland",0.518433639,NA,NA,0.507300438,"Nestkaart","Nestkaart",0.95886,0.63924,0.31962,2.23735
"506",NA,0.63924,17.85571,"2015","Agriculture_grassland",0.518371241,NA,NA,0.507278914,"Nestkaart","Nestkaart",0.95886,0.31962,0,1.91773
"507",NA,0.95886,17.87252,"2015","Water_inland",0.518369214,NA,NA,0.50727898,"Nestkaart","Nestkaart",1.27849,0.31962,0.63924,3.19622
"508",NA,0.63924,18.04064,"2015","Agriculture",0.51841434,NA,NA,0.507293548,"Nestkaart","Nestkaart",0.31962,0.63924,0,1.59811
"509","1",0.31962,78.36943,"2016","Agriculture_crop",0.999988951,28,0,0.999993694,"Nestkaart","Nestkaart",0,0.63924,0,0.95886
"510",NA,0.31962,18.19096,"2015","Agriculture_grassland",0.518475894,NA,NA,0.507316494,"Nestkaart","Nestkaart",1.27849,1.27849,0.95886,3.83546
"511",NA,0.63924,17.9279,"2015","Agriculture_grassland",0.518409771,NA,NA,0.50729675,"Nestkaart","Nestkaart",0.63924,0.63924,0.63924,2.55697
"512","1",0.31962,6.03481,"2015","Agriculture_grassland",0.610885023,1,0,0.699778676,"Nestkaart","Nestkaart",1.27849,2.23735,0.95886,4.79432
"513","0",0.31962,78.30825,"2016","Agriculture_crop",0.999991212,9,1,0.999993905,"Nestkaart","Nestkaart",0.31962,1.59811,0,2.23735
"518","1",0.31962,33.62661,"2014","Agriculture_grassland",0.440159695,1,0,0.394296729,"Nestkaart","Nestkaart",0,0,0.31962,0.63924
"519","1",0.31962,10.9457,"2016","Agriculture_grassland",0.642151637,35,0,0.676966143,"Nestkaart","Nestkaart",1.27849,1.91773,0.95886,4.4747
"522","0",0.65954,11.25862,"2015","Agriculture_grassland",0.64550534,NA,1,0.677351713,"Nestkaart","Nestkaart",0.98932,1.64886,0.65954,3.95726
"523","1",0.31962,25.08434,"2015","Agriculture_grassland",0.739112681,1,0,0.732736311,"Nestkaart","Nestkaart",0.31962,0.31962,0.63924,1.59811
"524","0",0.31962,11.34686,"2016","Agriculture_grassland",0.644321563,10.5,1,0.677226194,"Nestkaart","Nestkaart",0.95886,1.91773,0.31962,3.51584
"525","1",0.33619,8.6942,"2015","Agriculture_grassland",0.710558176,1,0,0.712008284,"Nestkaart","Nestkaart",0,2.68953,0,3.02572
"526","1",0.31962,4.82417,"2015","Agriculture_grassland",0.759175243,1,0,0.649231969,"Nestkaart","Nestkaart",0,0,0,0.31962
"527","0",0.63924,13.20261,"2017","Agriculture_grassland",0.752632032,5,1,0.792829355,"Nestkaart","Nestkaart",0.31962,1.59811,0.31962,2.87659
"528","1",0.31962,11.78704,"2016","Agriculture_grassland",0.675161702,1,0,0.684658451,"Nestkaart","Nestkaart",0,0,0,0.31962
"529","1",0.63924,13.41064,"2017","Nature_wet",0.673001859,38,0,0.713967819,"Nestkaart","Nestkaart",3.19622,2.87659,0.31962,7.03167
"530","0",0.31962,8.61127,"2016","Agriculture_grassland",0.724882638,1,1,0.723210999,"Nestkaart","Nestkaart",0.31962,0,0,0.63924
"531","1",1.27849,8.65618,"2016","Agriculture_grassland",0.726755186,2,0,0.723445978,"Nestkaart","Nestkaart",0.31962,0,0,1.59811
"532","1",1.27849,8.64689,"2016","Agriculture_grassland",0.727142758,2,0,0.723473048,"Nestkaart","Nestkaart",0,0,0,1.27849
"533",NA,0.31962,25.39526,"2016","Agriculture_crop",0.738808872,23.5,NA,0.732648506,"Nestkaart","Nestkaart",0.31962,0.63924,0,1.27849
"534","1",0.63924,25.20603,"2016","Agriculture_grassland",0.912570093,15,0,0.791352764,"Nestkaart","Nestkaart",0.31962,0.31962,0.63924,1.91773
"535","1",0.31962,6.04751,"2015","Agriculture_grassland",0.643733591,1,0,0.7468014,"Nestkaart","Nestkaart",1.27849,0,0.63924,2.23735
"536","1",0.3385,6.23124,"2015","Agriculture",0.617304417,1,0,0.701097906,"Nestkaart","Nestkaart",0.677,0.677,0.677,2.36951
"537","1",0.63924,25.23184,"2016","Agriculture_crop",0.912839132,7,0,0.791386171,"Nestkaart","Nestkaart",1.59811,3.19622,0.31962,5.75319
"538",NA,0.31962,25.14363,"2016","Agriculture_grassland",0.912981599,3,NA,0.791416005,"Nestkaart","Nestkaart",1.59811,2.87659,0.31962,5.11395
"539",NA,0.31962,8.3382,"2015","Agriculture_grassland",0.718864361,NA,NA,0.722351116,"Nestkaart","Nestkaart",0,1.27849,0.31962,1.91773
"540","1",0.31962,12.614,"2016","Agriculture_grassland",0.659640845,24,0,0.626397189,"Nestkaart","Nestkaart",0.63924,0,0,0.95886
"541","1",0.31962,8.61693,"2015","Agriculture_grassland",0.724306307,1,0,0.723153451,"Nestkaart","Nestkaart",0.31962,0,0.31962,0.95886
"542","1",0.63924,29.89815,"2015","Agriculture_crop",0.816419798,1,0,0.816828562,"Nestkaart","Nestkaart",0,0.31962,0,0.95886
"543",NA,0.63924,1.9461,"2015","Agriculture_grassland",0.462992976,NA,NA,0.209657195,"Nestkaart","Nestkaart",0,0.31962,0.63924,1.59811
"544","1",0.31962,33.76417,"2014","Water_inland",0.440507145,1,0,0.394363313,"Nestkaart","Nestkaart",0,0.31962,0,0.63924
"545","1",0.63924,33.68654,"2014","Agriculture_grassland",0.440764099,1,0,0.394409914,"Nestkaart","Nestkaart",0,0.31962,0.31962,1.27849
"547",NA,0.9589,10.40094,"2014","Agriculture_grassland",0.645435834,NA,NA,0.677294029,"Nestkaart","Nestkaart",0.31963,0.31963,0.63926,2.23742
"548",NA,0.63924,0.24186,"2015","Agriculture_grassland",0.673230944,NA,NA,0.256782362,"Nestkaart","Nestkaart",0,0,0,0.63924
"549",NA,0.63924,0.20839,"2015","Agriculture_grassland",0.672742717,NA,NA,0.256706398,"Nestkaart","Nestkaart",0,0,0,0.63924
"550",NA,0.31962,0.22634,"2015","Agriculture_grassland",0.672461497,NA,NA,0.256686409,"Nestkaart","Nestkaart",0,0,0,0.31962
"551",NA,0.31962,0.28176,"2015","Agriculture_grassland",0.673156914,NA,NA,0.256797277,"Nestkaart","Nestkaart",0,0,0,0.31962
"552","1",0.31962,12.88433,"2015","Agriculture_grassland",0.674264713,1,0,0.655731477,"Nestkaart","Nestkaart",0,0,0,0.31962
"553","1",0.63924,12.7167,"2015","Agriculture_crop",0.677885802,1,0,0.656105001,"Nestkaart","Nestkaart",0,1.59811,0,2.23735
"554","1",0.95886,12.66429,"2015","Agriculture_crop",0.678113674,1,0,0.656128974,"Nestkaart","Nestkaart",0,1.59811,0,2.55697
"555","1",0.31962,13.41891,"2017","Nature_wet",0.67300021,72,0,0.713967657,"Nestkaart","Nestkaart",2.55697,2.55697,0.63924,6.07281
"556","0",0.63924,12.66874,"2015","Agriculture_crop",0.677855434,NA,1,0.656106154,"Nestkaart","Nestkaart",0,1.27849,0,1.91773
"557","1",0.32256,13.39158,"2017","Agriculture_grassland",0.673003988,26,0,0.713968685,"Nestkaart","Nestkaart",2.25792,2.58048,0.32256,5.48352
"558","0",0.63924,11.39422,"2014","Water_inland",0.679193609,NA,1,0.685083685,"Nestkaart","Nestkaart",0,0.63924,0.31962,1.59811
"559","0",0.32727,13.10512,"2017","Agriculture_grassland",0.752636616,3.5,1,0.792832587,"Nestkaart","Nestkaart",0,0.32727,0.65454,1.30907
"560",NA,0.31962,3.24133,"2014","Agriculture_grassland",0.758258308,NA,NA,0.710735443,"Nestkaart","Nestkaart",0,0,0,0.31962
"561","0",0.63924,12.76828,"2017","Agriculture_grassland",0.714934705,4.5,1,0.79416142,"Nestkaart","Nestkaart",1.27849,0.31962,1.59811,3.83546
"562","0",0.37601,12.49649,"2017","Agriculture_grassland",0.650872074,5,1,0.708591589,"Nestkaart","Nestkaart",0.37601,0.37601,0.37601,1.50404
"563",NA,0.32164,19.38958,"2017","Agriculture_grassland",0.686647896,NA,NA,0.700772955,"Nestkaart","Nestkaart",1.60818,2.57309,1.28655,5.78946
"564",NA,0.32291,13.12869,"2017","Agriculture_grassland",0.575707019,NA,NA,0.687800797,"Nestkaart","Nestkaart",0,0.32291,0,0.64583
"565","1",0.63924,13.65096,"2017","Agriculture_grassland",0.672970604,20,0,0.71396492,"Nestkaart","Nestkaart",0.95886,0.95886,0.31962,2.87659
"566","0",1.27849,0,"2012","Nature_wet",0.923937421,1,1,0.868778261,"Nestkaart","Nestkaart",0,0,0,1.27849
"567","1",0.31962,103.9378,"2012","Agriculture_crop",0.518955716,12,0,0.691605336,"Nestkaart","Nestkaart",0,1.59811,0,1.91773
"568",NA,0.31962,104.6119,"2012","Agriculture_crop",0.498352778,6.5,NA,0.49945369,"Nestkaart","Nestkaart",0,0.63924,0,0.95886
"569","0",0.31962,0,"2012","Nature_dry",0,6,1,0,"Nestkaart","Nestkaart",0,0,0,0.31962
"570","0",0.31962,0,"2012","Nature_wet",0,6,1,0,"Nestkaart","Nestkaart",0,0,0,0.31962
"571","0",0.31962,16.5518,"2015","Agriculture_grassland",0.56407735,NA,1,0.532349491,"Nestkaart","Nestkaart",0,0,0,0.31962
"572","1",0.31962,8.31742,"2014","Water_inland",0.746545639,1,0,0.746598231,"Nestkaart","Nestkaart",0,0,0,0.31962
"573","1",0.32897,8.71888,"2016","Agriculture_grassland",0.710621752,27,0,0.712038673,"Nestkaart","Nestkaart",0,2.96072,0,3.28969
"574",NA,0.33832,10.54909,"2014","Agriculture_grassland",0.645758251,NA,NA,0.677339199,"Nestkaart","Nestkaart",0,0,0.33832,0.67664
"575","0",0.32995,14.52366,"2017","Agriculture_crop",0.704683189,8.5,1,0.754384069,"Nestkaart","Nestkaart",0,0.32995,0,0.65989
"576","1",1.08925,0.18192,"2014","Water_inland",0.477758279,1,0,0.164295034,"Nestkaart","Nestkaart",0,0,0,1.08925
"577",NA,0.32995,14.52366,"2017","Agriculture_crop",0.704683189,NA,NA,0.754384069,"Nestkaart","Nestkaart",0,0.32995,0,0.65989
"578","1",0.64228,8.67719,"2016","Agriculture_crop",0.709536756,22,0,0.711790917,"Nestkaart","Nestkaart",0,4.49597,0,5.13825
"579","1",0.34171,10.38025,"2015","Agriculture_grassland",0.71374984,1,0,0.800901735,"Nestkaart","Nestkaart",1.02512,1.02512,0,2.39194
"580","1",1.27849,8.6813,"2017","Agriculture_crop",0.796223527,25,0,0.785403542,"Nestkaart","Nestkaart",0.31962,7.67092,0,9.26902
"581","0",0.31962,8.99924,"2016","Agriculture_grassland",0.803656097,8,1,0.787030453,"Nestkaart","Nestkaart",0,2.87659,0.31962,3.51584
"582",NA,0.31962,9.12063,"2016","Agriculture_grassland",0.799904549,7.5,NA,0.78646191,"Nestkaart","Nestkaart",0,0.63924,0,0.95886
"583","0",0.31962,59.93307,"2017","Agriculture_crop",0.76130562,3.5,1,0.795608005,"Nestkaart","Nestkaart",0,0,0,0.31962
"584",NA,0.31962,3.13578,"2017","Agriculture_crop",0.339155913,NA,NA,0.144496832,"Nestkaart","Nestkaart",0,0,0,0.31962
"585","0",0.63924,9.12746,"2016","Agriculture_crop",0.798308058,3,1,0.786182702,"Nestkaart","Nestkaart",0,0.31962,0,0.95886
"586","1",0.31962,1.49013,"2015","Agriculture",0.534813172,1,0,0.68018603,"Nestkaart","Nestkaart",1.27849,1.27849,0.95886,3.83546
"587","1",0.31962,1.49013,"2015","Agriculture",0.534813172,1,0,0.68018603,"Nestkaart","Nestkaart",1.27849,1.27849,0.95886,3.83546
"588","0",0.31962,23.93824,"2015","Agriculture_grassland",0.5678694,NA,1,0.635041171,"Nestkaart","Nestkaart",1.27849,0.95886,0.31962,2.87659
"589","1",0.31962,1.49013,"2015","Agriculture",0.534813172,1,0,0.68018603,"Nestkaart","Nestkaart",1.27849,1.27849,0.95886,3.83546
"590","1",0.31962,1.49013,"2015","Agriculture",0.534813172,1,0,0.68018603,"Nestkaart","Nestkaart",1.27849,1.27849,0.95886,3.83546
"591","1",0.31962,1.49013,"2015","Agriculture",0.534813172,1,0,0.68018603,"Nestkaart","Nestkaart",1.27849,1.27849,0.95886,3.83546
"592","1",0.31962,1.49013,"2015","Agriculture",0.534813172,1,0,0.68018603,"Nestkaart","Nestkaart",1.27849,1.27849,0.95886,3.83546
"593","1",0.31962,1.49013,"2015","Agriculture",0.534813172,1,0,0.68018603,"Nestkaart","Nestkaart",1.27849,1.27849,0.95886,3.83546
"594","1",0.31962,16.5518,"2015","Agriculture_grassland",0.56407735,1,0,0.532349491,"Nestkaart","Nestkaart",0,0,0,0.31962
"595","1",0.31962,16.5518,"2015","Agriculture_grassland",0.56407735,1,0,0.532349491,"Nestkaart","Nestkaart",0,0,0,0.31962
"596","1",0.32254,17.35736,"2015","Agriculture_grassland",0.87615966,1,0,0.830393642,"Nestkaart","Nestkaart",0,0.64508,0,0.96762
"597","1",0.31962,1.49013,"2015","Agriculture",0.534813172,1,0,0.68018603,"Nestkaart","Nestkaart",1.27849,1.27849,0.95886,3.83546
"598","1",0.31962,1.49013,"2015","Agriculture",0.534813172,1,0,0.68018603,"Nestkaart","Nestkaart",1.27849,1.27849,0.95886,3.83546
"599","1",0.31962,1.49013,"2015","Agriculture",0.534813172,1,0,0.68018603,"Nestkaart","Nestkaart",1.27849,1.27849,0.95886,3.83546
"600","1",0.31962,1.49013,"2015","Agriculture",0.534813172,1,0,0.68018603,"Nestkaart","Nestkaart",1.27849,1.27849,0.95886,3.83546
"601","0",0.31962,1.49013,"2015","Agriculture",0.534813172,NA,1,0.68018603,"Nestkaart","Nestkaart",1.27849,1.27849,0.95886,3.83546
"602","1",0.31962,1.49013,"2015","Agriculture",0.534813172,1,0,0.68018603,"Nestkaart","Nestkaart",1.27849,1.27849,0.95886,3.83546
"603","1",0.31962,1.49013,"2015","Agriculture",0.534813172,1,0,0.68018603,"Nestkaart","Nestkaart",1.27849,1.27849,0.95886,3.83546
"604","0",0.31962,1.49013,"2015","Agriculture",0.534813172,NA,1,0.68018603,"Nestkaart","Nestkaart",1.27849,1.27849,0.95886,3.83546
"605","0",0.31962,1.49013,"2015","Agriculture",0.534813172,NA,1,0.68018603,"Nestkaart","Nestkaart",1.27849,1.27849,0.95886,3.83546
"606","1",0.31962,1.49013,"2015","Agriculture",0.534813172,1,0,0.68018603,"Nestkaart","Nestkaart",1.27849,1.27849,0.95886,3.83546
"607","1",0.31962,1.49013,"2015","Agriculture",0.534813172,1,0,0.68018603,"Nestkaart","Nestkaart",1.27849,1.27849,0.95886,3.83546
"608","1",0.31962,1.49013,"2015","Agriculture",0.534813172,1,0,0.68018603,"Nestkaart","Nestkaart",1.27849,1.27849,0.95886,3.83546
"609","1",0.31962,1.49013,"2015","Agriculture",0.534813172,1,0,0.68018603,"Nestkaart","Nestkaart",1.27849,1.27849,0.95886,3.83546
"610","1",0.31962,1.49013,"2015","Agriculture",0.534813172,1,0,0.68018603,"Nestkaart","Nestkaart",1.27849,1.27849,0.95886,3.83546
"611","1",0.31962,1.49013,"2015","Agriculture",0.534813172,1,0,0.68018603,"Nestkaart","Nestkaart",1.27849,1.27849,0.95886,3.83546
"612","1",0.31962,1.49013,"2015","Agriculture",0.534813172,1,0,0.68018603,"Nestkaart","Nestkaart",1.27849,1.27849,0.95886,3.83546
"613","1",0.31962,1.49013,"2015","Agriculture",0.534813172,1,0,0.68018603,"Nestkaart","Nestkaart",1.27849,1.27849,0.95886,3.83546
"614","1",0.31962,1.49013,"2015","Agriculture",0.534813172,1,0,0.68018603,"Nestkaart","Nestkaart",1.27849,1.27849,0.95886,3.83546
"615","1",0.31962,1.49013,"2015","Agriculture",0.534813172,1,0,0.68018603,"Nestkaart","Nestkaart",1.27849,1.27849,0.95886,3.83546
"616","1",0.31962,1.49013,"2015","Agriculture",0.534813172,1,0,0.68018603,"Nestkaart","Nestkaart",1.27849,1.27849,0.95886,3.83546
"617","1",0.31962,1.49013,"2015","Agriculture",0.534813172,1,0,0.68018603,"Nestkaart","Nestkaart",1.27849,1.27849,0.95886,3.83546
"618","1",0.31962,1.49013,"2015","Agriculture",0.534813172,1,0,0.68018603,"Nestkaart","Nestkaart",1.27849,1.27849,0.95886,3.83546
"619","1",0.31962,1.49013,"2015","Agriculture",0.534813172,1,0,0.68018603,"Nestkaart","Nestkaart",1.27849,1.27849,0.95886,3.83546
"620",NA,0.31962,1.49013,"2015","Agriculture",0.534813172,NA,NA,0.68018603,"Nestkaart","Nestkaart",1.27849,1.27849,0.95886,3.83546
"621","1",0.31962,1.49013,"2015","Agriculture",0.534813172,1,0,0.68018603,"Nestkaart","Nestkaart",1.27849,1.27849,0.95886,3.83546
"622","1",0.31962,1.49013,"2015","Agriculture",0.534813172,1,0,0.68018603,"Nestkaart","Nestkaart",1.27849,1.27849,0.95886,3.83546
"623","1",0.31962,1.49013,"2015","Agriculture",0.534813172,1,0,0.68018603,"Nestkaart","Nestkaart",1.27849,1.27849,0.95886,3.83546
"624","1",0.31962,1.49013,"2015","Agriculture",0.534813172,1,0,0.68018603,"Nestkaart","Nestkaart",1.27849,1.27849,0.95886,3.83546
"625","1",0.31962,1.49013,"2015","Agriculture",0.534813172,1,0,0.68018603,"Nestkaart","Nestkaart",1.27849,1.27849,0.95886,3.83546
"626","1",0.31962,1.49013,"2015","Agriculture",0.534813172,1,0,0.68018603,"Nestkaart","Nestkaart",1.27849,1.27849,0.95886,3.83546
"627","1",0.31962,1.49013,"2015","Agriculture",0.534813172,1,0,0.68018603,"Nestkaart","Nestkaart",1.27849,1.27849,0.95886,3.83546
"628","1",0.31962,1.49013,"2015","Agriculture",0.534813172,1,0,0.68018603,"Nestkaart","Nestkaart",1.27849,1.27849,0.95886,3.83546
"629","1",0.31962,1.49013,"2015","Agriculture",0.534813172,1,0,0.68018603,"Nestkaart","Nestkaart",1.27849,1.27849,0.95886,3.83546
"630","1",0.31962,1.49013,"2015","Agriculture",0.534813172,1,0,0.68018603,"Nestkaart","Nestkaart",1.27849,1.27849,0.95886,3.83546
"631","1",0.31962,1.49013,"2015","Agriculture",0.534813172,1,0,0.68018603,"Nestkaart","Nestkaart",1.27849,1.27849,0.95886,3.83546
"632","1",0.31962,1.49013,"2015","Agriculture",0.534813172,1,0,0.68018603,"Nestkaart","Nestkaart",1.27849,1.27849,0.95886,3.83546
"633","1",0.31962,1.49013,"2015","Agriculture",0.534813172,1,0,0.68018603,"Nestkaart","Nestkaart",1.27849,1.27849,0.95886,3.83546
"634",NA,0.31962,1.49013,"2015","Agriculture",0.534813172,NA,NA,0.68018603,"Nestkaart","Nestkaart",1.27849,1.27849,0.95886,3.83546
"635","0",0.31962,1.49013,"2015","Agriculture",0.534813172,NA,1,0.68018603,"Nestkaart","Nestkaart",1.27849,1.27849,0.95886,3.83546
"636",NA,0.31962,1.49013,"2015","Agriculture",0.534813172,NA,NA,0.68018603,"Nestkaart","Nestkaart",1.27849,1.27849,0.95886,3.83546
"637","1",0.31962,1.49013,"2015","Agriculture",0.534813172,1,0,0.68018603,"Nestkaart","Nestkaart",1.27849,1.27849,0.95886,3.83546
"638","1",0.31962,1.49013,"2015","Agriculture",0.534813172,1,0,0.68018603,"Nestkaart","Nestkaart",1.27849,1.27849,0.95886,3.83546
"639","1",0.31962,1.49013,"2015","Agriculture",0.534813172,1,0,0.68018603,"Nestkaart","Nestkaart",1.27849,1.27849,0.95886,3.83546
"640","1",0.31962,1.49013,"2015","Agriculture",0.534813172,1,0,0.68018603,"Nestkaart","Nestkaart",1.27849,1.27849,0.95886,3.83546
"641","0",0.63924,0,"2011","Agriculture_grassland",0.932790377,17,1,0.875214387,"Nestkaart","Nestkaart",0,0,0,0.63924
"642","0",0.63988,11.23996,"2014","Agriculture_grassland",0.64486273,NA,1,0.677281652,"Nestkaart","Nestkaart",0.95982,0.31994,0.63988,2.55951
"643","1",0.63924,8.71774,"2017","Agriculture_crop",0.798718227,21,0,0.785889957,"Nestkaart","Nestkaart",0,6.71205,0,7.3513
"644","1",0.31962,13.02406,"2017","Agriculture_grassland",0.674651214,29,0,0.589692663,"Nestkaart","Nestkaart",0,0,0,0.31962
"645","1",0.31962,14.74031,"2016","Agriculture",0.710801199,23,0,0.641790874,"Nestkaart","Nestkaart",0,0.31962,0.31962,0.95886
"646","0",0.31962,14.69977,"2016","Agriculture_grassland",0.710818538,30.5,1,0.641796072,"Nestkaart","Nestkaart",0,0,0.31962,0.63924
"647","0",0.31962,75.73233,"2017","Agriculture_grassland",0.866135724,1,1,0.98165054,"Nestkaart","Nestkaart",0,0.63924,0,0.95886
"648","1",0.31962,1.49013,"2015","Agriculture",0.534813172,1,0,0.68018603,"Nestkaart","Nestkaart",1.27849,1.27849,0.95886,3.83546
"649","1",0.31962,59.05444,"2017","Agriculture_crop",0.64743319,30,0,0.729290973,"Nestkaart","Nestkaart",0,0.63924,0,0.95886
"650","1",0.63924,4.16656,"2017","Agriculture_grassland",0.72589998,26,0,0.614934005,"Nestkaart","Nestkaart",0,0.63924,0,1.27849
"651",NA,1.4629,1.72951,"2016","Agriculture_crop",0.465945193,1,NA,0.189466383,"Nestkaart","Nestkaart",0,0,0,1.4629
"652","1",1.27849,8.70736,"2017","Agriculture_crop",0.797097909,36,0,0.785590177,"Nestkaart","Nestkaart",0,8.31016,0,9.58865
"653","0",0.31962,53.6687,"2018","Agriculture_grassland",0.815160333,19,1,0.930603278,"Nestkaart","Nestkaart",0.63924,0.95886,0.63924,2.55697
"654","1",0.63924,1.93818,"2016","Agriculture_grassland",0.477723419,1,0,0.192856666,"Nestkaart","Nestkaart",0,0,0.31962,0.95886
"655","1",0.63924,1.76159,"2016","Agriculture_grassland",0.457417282,20,0,0.189346984,"Nestkaart","Nestkaart",1.59811,0,0.31962,2.55697
"656","1",0.32091,11.03233,"2009","Agriculture_grassland",0.521943101,1,0,0.704486271,"Nestkaart","Nestkaart",0.64183,0.32091,0,1.28366
"657","0",0.31962,29.54028,"2009","Agriculture_crop",0.74043957,NA,1,0.667162874,"Nestkaart","Nestkaart",0.31962,1.27849,0,1.91773
"658","1",0.31962,58.50408,"2009","Agriculture",0.63623814,1,0,0.721715066,"Nestkaart","Nestkaart",0,0,0,0.31962
"659","1",0.31962,57.03111,"2009","Agriculture_grassland",0.671096909,1,0,0.745270886,"Nestkaart","Nestkaart",0.63924,1.91773,1.27849,4.15508
"660","1",0.31962,57.82611,"2009","Agriculture_grassland",0.671122013,1,0,0.745289729,"Nestkaart","Nestkaart",0.31962,0.31962,0.31962,1.27849
"661",NA,0.31962,56.76891,"2009","Agriculture_grassland",0.67914342,NA,NA,0.924317349,"Nestkaart","Nestkaart",0.95886,0,0,1.27849
"662","1",0.95886,1.92028,"2016","Agriculture_grassland",0.47526617,1,0,0.192514361,"Nestkaart","Nestkaart",0,0.31962,0.31962,1.59811
"663","1",0.31962,11.29693,"2017","Agriculture_grassland",0.645370787,27,0,0.677336722,"Nestkaart","Nestkaart",1.59811,2.55697,0.63924,5.11395
"664","0",2.55697,0,"2010","Agriculture_grassland",0.925213033,5,1,0.869152805,"Nestkaart","Nestkaart",0,1.91773,1.27849,5.75319
"665","0",2.55697,0,"2010","Agriculture_grassland",0.925213033,5,1,0.869152805,"Nestkaart","Nestkaart",0,1.91773,1.27849,5.75319
"666","0",2.55697,0,"2010","Agriculture_grassland",0.925213033,9,1,0.869152805,"Nestkaart","Nestkaart",0,1.91773,1.27849,5.75319
"667","0",1.27849,0,"2010","Nature_wet",0.923937421,9,1,0.868778261,"Nestkaart","Nestkaart",0,0,1.27849,2.55697
"668","0",2.55697,0,"2010","Agriculture_grassland",0.913217557,3,1,0.856145479,"Nestkaart","Nestkaart",0,0,0.63924,3.19622
"669","0",2.55697,0,"2010","Agriculture_grassland",0.913217557,3,1,0.856145479,"Nestkaart","Nestkaart",0,0,0.63924,3.19622
"670","0",1.27849,0,"2010","Agriculture_grassland",0.914394787,3,1,0.856486521,"Nestkaart","Nestkaart",0,0,0,1.27849
"671","0",0.65285,0,"2010","Agriculture_grassland",0.765346958,19.5,1,0.740836273,"Nestkaart","Nestkaart",0,0.65285,0,1.3057
"672","0",0.64195,0,"2010","Agriculture_grassland",0.753824855,18.5,1,0.788163051,"Nestkaart","Nestkaart",0,0,0,0.64195
"673","0",0.63924,0,"2010","Agriculture_grassland",0.911931038,18.5,1,0.85576797,"Nestkaart","Nestkaart",0,0,1.27849,1.91773
"674","0",0.63957,0,"2010","Nature_wet",0.932973938,18.5,1,0.875034792,"Nestkaart","Nestkaart",0,0,0,0.63957
"675","0",2.55697,0,"2010","Agriculture_grassland",0.922794934,7.5,1,0.868536633,"Nestkaart","Nestkaart",0,0,0,2.55697
"676","0",0.95886,0,"2010","Agriculture_grassland",0.667036211,24,1,0.575917159,"Nestkaart","Nestkaart",0,0.31962,0.31962,1.59811
"677","0",0.63924,0,"2010","Agriculture_grassland",0.667156872,15,1,0.575952532,"Nestkaart","Nestkaart",0,0,0,0.63924
"678",NA,0.31962,37.72906,"2010","Agriculture",0.858467252,NA,NA,0.891467313,"Nestkaart","Nestkaart",0.31962,0.31962,0,0.95886
"679",NA,1.27849,0,"2010","Agriculture_grassland",0.848162196,NA,NA,0.829662949,"Nestkaart","Nestkaart",0,0,0.63924,1.91773
"680","0",0.63924,0,"2011","Agriculture_grassland",0.932790377,17,1,0.875214387,"Nestkaart","Nestkaart",0,0,0,0.63924
"681","0",0.63924,0,"2011","Agriculture_grassland",0.912757131,17,1,0.855976773,"Nestkaart","Nestkaart",0,0,0,0.63924
"682","0",1.27849,0,"2011","Agriculture_grassland",0.915753374,17,1,0.856815939,"Nestkaart","Nestkaart",0,0,0,1.27849
"683","0",0.63924,0,"2011","Nature_wet",0.755315927,13,1,0.78866915,"Nestkaart","Nestkaart",0,1.27849,0,1.91773
"684","0",2.55697,0,"2011","Nature_wet",0.924621068,13,1,0.869001056,"Nestkaart","Nestkaart",0,0,1.27849,3.83546
"685","0",1.27849,0,"2011","Nature_wet",0.923328494,13,1,0.868622135,"Nestkaart","Nestkaart",0,0,1.91773,3.19622
"686","0",0.63924,0,"2011","Agriculture_grassland",0.916342774,13,1,0.856954785,"Nestkaart","Nestkaart",0,0,0,0.63924
"687","0",1.27849,0,"2011","Agriculture_grassland",0.91063593,13,1,0.855385103,"Nestkaart","Nestkaart",0,0,1.27849,2.55697
"688","1",1.27849,0,"2010","Agriculture_grassland",0.848162196,35,0,0.829662949,"Nestkaart","Nestkaart",0,0,0.63924,1.91773
"689","1",1.27849,0,"2010","Agriculture_grassland",0.848162196,27,0,0.829662949,"Nestkaart","Nestkaart",0,0,0.63924,1.91773
"690","1",1.27849,0,"2010","Agriculture_grassland",0.848162196,34,0,0.829662949,"Nestkaart","Nestkaart",0,0,0.63924,1.91773
"691","1",0.31962,0,"2010","Agriculture_grassland",0.885887777,27,0,0.836591893,"Nestkaart","Nestkaart",0,0,0.31962,0.63924
"692",NA,0.31962,0,"2010","Agriculture_grassland",0.87885479,NA,NA,0.850785262,"Nestkaart","Nestkaart",0,0,0.31962,0.63924
"693",NA,0.31962,0,"2010","Agriculture_grassland",0.87885479,NA,NA,0.850785262,"Nestkaart","Nestkaart",0,0,0.31962,0.63924
"694","0",0.31962,0,"2010","Agriculture_grassland",0.87885479,1,1,0.850785262,"Nestkaart","Nestkaart",0,0,0.31962,0.63924
"695","1",0.31962,0,"2010","Agriculture_grassland",0.885887777,32,0,0.836591893,"Nestkaart","Nestkaart",0,0,0.31962,0.63924
"696","1",0.31962,0,"2010","Agriculture_grassland",0.885887777,33,0,0.836591893,"Nestkaart","Nestkaart",0,0,0.31962,0.63924
"697","0",0.31962,0,"2010","Agriculture_grassland",0.885887777,6,1,0.836591893,"Nestkaart","Nestkaart",0,0,0.31962,0.63924
"698","0",0.31962,0,"2010","Agriculture_grassland",0.885887777,2,1,0.836591893,"Nestkaart","Nestkaart",0,0,0.31962,0.63924
"699",NA,0.31962,0,"2010","Agriculture_grassland",0.87885479,NA,NA,0.850785262,"Nestkaart","Nestkaart",0,0,0.31962,0.63924
"700","1",1.27849,0,"2010","Agriculture_grassland",0.848162196,26,0,0.829662949,"Nestkaart","Nestkaart",0,0,0.63924,1.91773
"701","1",1.27849,0,"2010","Agriculture_grassland",0.848162196,32,0,0.829662949,"Nestkaart","Nestkaart",0,0,0.63924,1.91773
"702","1",1.27849,0,"2010","Agriculture_grassland",0.848162196,25,0,0.829662949,"Nestkaart","Nestkaart",0,0,0.63924,1.91773
"703","1",1.27849,0,"2010","Agriculture_grassland",0.848162196,32,0,0.829662949,"Nestkaart","Nestkaart",0,0,0.63924,1.91773
"704","1",0.31962,0,"2010","Agriculture_grassland",0.885887777,28,0,0.836591893,"Nestkaart","Nestkaart",0,0,0.31962,0.63924
"705","0",0.31962,0,"2010","Agriculture_grassland",0.885887777,33,1,0.836591893,"Nestkaart","Nestkaart",0,0,0.31962,0.63924
"706","0",1.27849,0,"2011","Agriculture_grassland",0.91063593,13,1,0.855385103,"Nestkaart","Nestkaart",0,0,1.27849,2.55697
"707","1",0.31962,56.98396,"2009","Agriculture_crop",0.680371399,1,0,0.739787668,"Nestkaart","Nestkaart",0,0.31962,0.31962,0.95886
"708","1",0.31962,57.44405,"2009","Agriculture_crop",0.608977943,1,0,0.672927708,"Nestkaart","Nestkaart",0.63924,0.95886,0,1.91773
"709","0",0.31962,56.17654,"2009","Agriculture_grassland",0.675282477,NA,1,0.725402616,"Nestkaart","Nestkaart",0,0.63924,0,0.95886
"710","0",1.27849,0,"2010","Agriculture_grassland",0.848162196,12.5,1,0.829662949,"Nestkaart","Nestkaart",0,0,0.63924,1.91773
"711","1",1.27849,0,"2010","Agriculture_grassland",0.848162196,28,0,0.829662949,"Nestkaart","Nestkaart",0,0,0.63924,1.91773
"712","1",1.27849,0,"2010","Agriculture_grassland",0.848162196,34,0,0.829662949,"Nestkaart","Nestkaart",0,0,0.63924,1.91773
"713","1",1.27849,0,"2010","Agriculture_grassland",0.848162196,32,0,0.829662949,"Nestkaart","Nestkaart",0,0,0.63924,1.91773
"714","0",1.27849,0,"2011","Agriculture_grassland",0.914394787,13,1,0.856486521,"Nestkaart","Nestkaart",0,0,0,1.27849
"715","1",0.31962,11.28493,"2017","Agriculture_grassland",0.645347271,42,0,0.677336116,"Nestkaart","Nestkaart",1.59811,2.23735,0.63924,4.79432
"716","1",0.72524,11.02986,"2017","Agriculture_grassland",0.642272432,14,0,0.676988211,"Nestkaart","Nestkaart",1.45048,0.72524,0.72524,3.62621
"717","1",0.63924,23.91823,"2014","Agriculture_grassland",0.496163036,1,0,0.549196914,"Nestkaart","Nestkaart",0.31962,0.31962,0.63924,1.91773
"718","1",0.63924,25.35941,"2017","Agriculture_grassland",0.91241863,59,0,0.791312347,"Nestkaart","Nestkaart",0.63924,0.63924,0.63924,2.55697
"719",NA,0.31962,1.49013,"2015","Agriculture",0.534813172,NA,NA,0.68018603,"Nestkaart","Nestkaart",1.27849,1.27849,0.95886,3.83546
"720","1",0.95886,1.95544,"2016","Agriculture_grassland",0.478935403,1,0,0.193143695,"Nestkaart","Nestkaart",0,0.63924,0,1.59811
"721","0",0.63924,25.32792,"2017","Agriculture_grassland",0.912451615,4,1,0.79132112,"Nestkaart","Nestkaart",0.63924,0.63924,0.63924,2.55697
"722","1",0.31962,25.16296,"2014","Agriculture_grassland",0.738675831,1,0,0.732657734,"Nestkaart","Nestkaart",0,0,0,0.31962
"723","0",0.31962,0,"2012","Nature_wet",0,6,1,0,"Nestkaart","Nestkaart",0,0,0,0.31962
"724","1",0.32134,16.35742,"2017","Agriculture_grassland",0.646007325,1,0,0.7073676,"Nestkaart","Nestkaart",0.32134,0.96401,0,1.60668
"725","1",0.36443,0,"2013","Agriculture_grassland",0.842504779,19,0,0.810264894,"Nestkaart","Nestkaart",0,0,0.36443,0.72886
"726","0",0.31962,1.49013,"2015","Agriculture",0.534813172,NA,1,0.68018603,"Nestkaart","Nestkaart",1.27849,1.27849,0.95886,3.83546
"727","0",0.31962,20.08603,"2017","Agriculture_crop",0.579198912,1,1,0.625163267,"Nestkaart","Nestkaart",0,0.31962,0,0.63924
"728",NA,0.31962,1.61015,"2017","Agriculture_crop",0.450208692,1,NA,0.186164155,"Nestkaart","Nestkaart",0,0.63924,0,0.95886
"729","1",0.63924,1.98742,"2016","Agriculture_grassland",0.481210581,1,0,0.193571609,"Nestkaart","Nestkaart",0.31962,0.63924,0,1.59811
"730","1",0.31962,1.49013,"2015","Agriculture",0.534813172,1,0,0.68018603,"Nestkaart","Nestkaart",1.27849,1.27849,0.95886,3.83546
"731","1",0.31962,78.37748,"2017","Agriculture_crop",0.782979591,43,0,0.759129994,"Nestkaart","Nestkaart",0,0.95886,0,1.27849
"732","1",0.63924,13.62088,"2015","Agriculture_grassland",0.575637251,1,0,0.687785911,"Nestkaart","Nestkaart",0.31962,0.95886,0.63924,2.55697
"733","0",0.31962,0,"2012","Nature_wet",0,6,1,0,"Nestkaart","Nestkaart",0,0,0,0.31962
"734","1",0.63924,78.4997,"2017","Agriculture_crop",1,47,0,1,"Nestkaart","Nestkaart",0,2.55697,0.31962,3.51584
"735","0",0.31962,103.8519,"2015","Agriculture_crop",0.518588966,5.5,1,0.691543808,"Nestkaart","Nestkaart",0,0,0,0.31962
"736","1",1.27849,1.93846,"2016","Agriculture_crop",0.46559432,1,0,0.210139942,"Nestkaart","Nestkaart",0,0.63924,0,1.91773
"737","1",0.31962,0.2515,"2016","Agriculture_grassland",0.674605656,4,0,0.256763614,"Nestkaart","Nestkaart",0,0,0,0.31962
"738","0",0.63924,0.27823,"2016","Agriculture_grassland",0.674105595,1,1,0.25649362,"Nestkaart","Nestkaart",0.31962,0,0.63924,1.59811
"740","1",0.31962,8.9401,"2017","Agriculture_crop",0.8028149,28,0,0.786837596,"Nestkaart","Nestkaart",0,0.31962,0,0.63924
"741","1",1.05378,0.35027,"2016","Agriculture_crop",0.672777934,15,0,0.25679828,"Nestkaart","Nestkaart",0,0,0,1.05378
"742",NA,0.31962,0.39901,"2016","Nature_wet",0.674183541,1,NA,0.256809962,"Nestkaart","Nestkaart",0,0,0,0.31962
"743",NA,0.95886,12.82417,"2015","Agriculture_grassland",0.71492742,NA,NA,0.794160258,"Nestkaart","Nestkaart",0,0,0.31962,1.27849
"744","0",0.31962,103.9942,"2015","Agriculture_crop",0.519100048,8,1,0.691634228,"Nestkaart","Nestkaart",0,0.31962,0,0.63924
"745","0",0.72257,9.0164,"2017","Agriculture_crop",0.805409005,14.5,1,0.787345342,"Nestkaart","Nestkaart",0.36128,0,0.36128,1.44514
"746",NA,0.31962,14.43084,"2015","Agriculture_grassland",0.639829272,NA,NA,0.775730522,"Nestkaart","Nestkaart",0,0.31962,0.31962,0.95886
"747","1",0.31962,18.05009,"2017","Agriculture_grassland",0.572209021,1,0,0.552767632,"Nestkaart","Nestkaart",0,0.31962,0,0.63924
"748","0",0.31962,19.91403,"2017","Agriculture_grassland",0.438927518,1,1,0.377781381,"Nestkaart","Nestkaart",0.31962,0.63924,0.31962,1.59811
"749","1",0.31962,19.96051,"2017","Agriculture_grassland",0.590481645,1,0,0.536299712,"Nestkaart","Nestkaart",0,0.31962,0.31962,0.95886
"750","1",0.31962,72.39237,"2017","Agriculture_crop",0.803439281,1,0,0.859497464,"Nestkaart","Nestkaart",0,0.95886,0,1.27849
"751","1",0.31962,15.60103,"2017","Agriculture_grassland",0.652049599,18,0,0.683371119,"Nestkaart","Nestkaart",0,0.95886,0.31962,1.59811
"752","1",0.31962,25.19411,"2014","Agriculture_grassland",0.738623993,1,0,0.732646039,"Nestkaart","Nestkaart",0,0,0,0.31962
"753","0",0.31962,11.28213,"2014","Agriculture_grassland",0.64402211,NA,1,0.677190771,"Nestkaart","Nestkaart",0.63924,0.63924,0,1.59811
"754",NA,0.31962,18.28886,"2014","Water_inland",0.51850648,NA,NA,0.507324781,"Nestkaart","Nestkaart",0.31962,0.63924,0,1.27849
"755",NA,0.6736,12.89251,"2015","Agriculture_grassland",0.714926133,NA,NA,0.794159187,"Nestkaart","Nestkaart",1.01041,0.3368,0.3368,2.35762
"756",NA,0.31962,18.32298,"2014","Agriculture_grassland",0.51059643,NA,NA,0.370907058,"Nestkaart","Nestkaart",0.31962,0.63924,0,1.27849
"757","0",0.31962,104.6643,"2015","Agriculture_crop",0.624366609,2.5,1,0.772034623,"Nestkaart","Nestkaart",0,0.95886,0,1.27849
"758","1",0.63924,0.37687,"2016","Agriculture_grassland",0.674193564,1,0,0.256507457,"Nestkaart","Nestkaart",0.31962,0,0.95886,1.91773
"759","0",0.31962,5.78683,"2014","Agriculture",0.548622677,NA,1,0.797771888,"Nestkaart","Nestkaart",0.63924,0.63924,0.31962,1.91773
"760",NA,0.31962,2.82054,"2017","Agriculture_crop",0.748584085,7,NA,0.707674193,"Nestkaart","Nestkaart",0,0.31962,0,0.63924
"761","1",0.31962,25.15396,"2017","Agriculture_grassland",0.913192941,13,0,0.791443464,"Nestkaart","Nestkaart",0.31962,1.59811,0,2.23735
"762","1",0.31962,78.33512,"2017","Agriculture_crop",0.783053839,1,0,0.759163119,"Nestkaart","Nestkaart",0.31962,0,0,0.63924
"763",NA,0.31962,6.26728,"2017","Agriculture_grassland",0.612010197,NA,NA,0.758142005,"Nestkaart","Nestkaart",0.63924,0.95886,0.31962,2.23735
"764","0",0.31962,104.6987,"2015","Agriculture_crop",0.624413938,8,1,0.772040818,"Nestkaart","Nestkaart",0.31962,1.91773,0,2.55697
"765","0",0.33067,13.91407,"2015","Agriculture_grassland",0.639842155,5.5,1,0.77570842,"Nestkaart","Nestkaart",0.33067,0,0,0.66133
"766","1",0.63924,11.37447,"2014","Agriculture_grassland",0.679298252,1,0,0.685095534,"Nestkaart","Nestkaart",0,0.95886,0.31962,1.91773
"767","0",0.31962,13.33103,"2015","Agriculture_grassland",0.575681713,9,1,0.687793962,"Nestkaart","Nestkaart",0.31962,0.63924,0.95886,2.23735
"768","1",0.35342,8.53334,"2017","Agriculture_grassland",0.721205849,20,0,0.722758049,"Nestkaart","Nestkaart",0,0,0,0.35342
"769",NA,0.31962,104.3097,"2015","Agriculture_crop",0.624438848,NA,NA,0.772048538,"Nestkaart","Nestkaart",0,0.63924,0.31962,1.27849
"770","0",0.63924,12.73952,"2015","Agriculture_grassland",0.714935754,18.5,1,0.794161776,"Nestkaart","Nestkaart",0.63924,0,0,1.27849
"771",NA,0.32889,0,"2011","Agriculture_grassland",0.667207235,15,NA,0.575967296,"Nestkaart","Nestkaart",0,0.32889,0.32889,0.98668
"772","0",0.31962,0,"2012","Nature_wet",0,6,1,0,"Nestkaart","Nestkaart",0,0,0,0.31962
"773","0",0.31962,0,"2010","Agriculture_grassland",0.885887777,7.5,1,0.836591893,"Nestkaart","Nestkaart",0,0,0.31962,0.63924
"774","0",0.31962,0,"2010","Agriculture_grassland",0.885887777,16,1,0.836591893,"Nestkaart","Nestkaart",0,0,0.31962,0.63924
"775","1",1.27849,0,"2010","Agriculture_grassland",0.848162196,39,0,0.829662949,"Nestkaart","Nestkaart",0,0,0.63924,1.91773
"776",NA,1.27849,0,"2010","Agriculture_grassland",0.848162196,NA,NA,0.829662949,"Nestkaart","Nestkaart",0,0,0.63924,1.91773
"777",NA,0.97084,0,"2011","Agriculture_grassland",0.66714008,15,NA,0.575948519,"Nestkaart","Nestkaart",0,0.32361,0.32361,1.61807
"778","0",0.31962,0,"2010","Agriculture_grassland",0.885887777,16,1,0.836591893,"Nestkaart","Nestkaart",0,0,0.31962,0.63924
"779","0",0.31962,0,"2010","Agriculture_grassland",0.885887777,16.5,1,0.836591893,"Nestkaart","Nestkaart",0,0,0.31962,0.63924
"780","1",0.31962,0,"2010","Agriculture_grassland",0.885887777,6,0,0.836591893,"Nestkaart","Nestkaart",0,0,0.31962,0.63924
"781","0",0.31962,104.1172,"2011","Agriculture_crop",0.679144017,18,1,0.718602192,"Nestkaart","Nestkaart",0,0.31962,0,0.63924
"782","0",0.31962,45.30334,"2011","Agriculture_grassland",0.652334701,NA,1,0.676301231,"Nestkaart","Nestkaart",0.31962,0,0,0.63924
"783",NA,0.31962,0,"2011","Agriculture_grassland",0.84162277,NA,NA,0.826775328,"Nestkaart","Nestkaart",0,0.63924,0,0.95886
"784",NA,0.31962,0,"2011","Agriculture_grassland",0.87885479,NA,NA,0.850785262,"Nestkaart","Nestkaart",0,0.31962,0.31962,0.95886
"785","0",0.31962,0,"2010","Agriculture_grassland",0.885887777,11,1,0.836591893,"Nestkaart","Nestkaart",0,0,0.31962,0.63924
"786","0",0.31962,0,"2010","Agriculture_grassland",0.885887777,9,1,0.836591893,"Nestkaart","Nestkaart",0,0,0.31962,0.63924
"787",NA,0.31962,0,"2010","Agriculture_grassland",0.885887777,NA,NA,0.836591893,"Nestkaart","Nestkaart",0,0,0.31962,0.63924
"788","0",1.27849,0,"2010","Agriculture_grassland",0.848162196,3,1,0.829662949,"Nestkaart","Nestkaart",0,0,0.63924,1.91773
"789","0",0.31962,0,"2011","Agriculture_grassland",0.848162196,5.5,1,0.829662949,"Nestkaart","Nestkaart",0,0,0,0.31962
"790",NA,0.31962,0,"2011","Agriculture_grassland",0.848162196,25.5,NA,0.829662949,"Nestkaart","Nestkaart",0,0,0,0.31962
"791","0",0.31962,0,"2011","Agriculture_grassland",0.848162196,9,1,0.829662949,"Nestkaart","Nestkaart",0,0,0,0.31962
"792","0",0.64794,18.90734,"2015","Agriculture_grassland",0.490986645,4.5,1,0.531788553,"Nestkaart","Nestkaart",0.32397,1.61985,0.32397,2.91574
"793","0",0.63924,0.42707,"2016","Agriculture_grassland",0.672819778,1,1,0.255841446,"Nestkaart","Nestkaart",1.27849,0.63924,0.95886,3.51584
"794","1",1.27849,0,"2010","Agriculture_grassland",0.848162196,31,0,0.829662949,"Nestkaart","Nestkaart",0,0,0.63924,1.91773
"795",NA,0.31962,0,"2011","Agriculture_grassland",0.848162196,25.5,NA,0.829662949,"Nestkaart","Nestkaart",0,0,0,0.31962
"796","1",0.31962,0,"2011","Agriculture_grassland",0.848162196,28,0,0.829662949,"Nestkaart","Nestkaart",0,0,0,0.31962
"797","0",0.95886,0.48072,"2016","Nature_wet",0.672371139,1,1,0.255713011,"Nestkaart","Nestkaart",1.27849,0.95886,0.31962,3.51584
"798",NA,0.6736,12.89251,"2015","Agriculture_grassland",0.714926133,NA,NA,0.794159187,"Nestkaart","Nestkaart",1.01041,0.3368,0.3368,2.35762
"799","0",0.36443,0,"2013","Agriculture_grassland",0.842504779,5,1,0.810264894,"Nestkaart","Nestkaart",0,0,0.36443,0.72886
"800","0",0.36443,0,"2013","Agriculture_grassland",0.842504779,5,1,0.810264894,"Nestkaart","Nestkaart",0,0,0.36443,0.72886
"801","0",0.36443,0,"2013","Agriculture_grassland",0.842504779,5,1,0.810264894,"Nestkaart","Nestkaart",0,0,0.36443,0.72886
"802","1",0.63924,15.45711,"2014","Agriculture",0.648765407,1,0,0.683006452,"Nestkaart","Nestkaart",0,0.31962,0,0.95886
"803","1",0.31962,8.34074,"2017","Agriculture_grassland",0.71822131,20,0,0.722289224,"Nestkaart","Nestkaart",0,0.63924,0,0.95886
"804","0",0.36443,0,"2013","Agriculture_grassland",0.842504779,5,1,0.810264894,"Nestkaart","Nestkaart",0,0,0.36443,0.72886
"805","0",0.36443,0,"2013","Agriculture_grassland",0.842504779,5,1,0.810264894,"Nestkaart","Nestkaart",0,0,0.36443,0.72886
"806","0",0.36443,0,"2013","Agriculture_grassland",0.842504779,5,1,0.810264894,"Nestkaart","Nestkaart",0,0,0.36443,0.72886
"807","0",0.36443,0,"2013","Agriculture_grassland",0.842504779,5,1,0.810264894,"Nestkaart","Nestkaart",0,0,0.36443,0.72886
"808","0",0.36443,0,"2013","Agriculture_grassland",0.842504779,5,1,0.810264894,"Nestkaart","Nestkaart",0,0,0.36443,0.72886
"809","0",0.36443,0,"2013","Agriculture_grassland",0.842504779,20,1,0.810264894,"Nestkaart","Nestkaart",0,0,0.36443,0.72886
"810","0",0.36443,0,"2013","Agriculture_grassland",0.842504779,10.5,1,0.810264894,"Nestkaart","Nestkaart",0,0,0.36443,0.72886
"811","0",0.36443,0,"2013","Agriculture_grassland",0.842504779,6,1,0.810264894,"Nestkaart","Nestkaart",0,0,0.36443,0.72886
"812","0",0.36443,0,"2013","Agriculture_grassland",0.842504779,6,1,0.810264894,"Nestkaart","Nestkaart",0,0,0.36443,0.72886
"813",NA,0.70517,18.98911,"2013","Agriculture",0.712628496,NA,NA,0.75547077,"Nestkaart","Nestkaart",0.35258,0.35258,0.35258,1.76292
"814",NA,0.31962,104.0591,"2013","Agriculture",0.489039951,NA,NA,0.486217076,"Nestkaart","Nestkaart",0,0.31962,0.63924,1.27849
"815",NA,0.70517,18.98911,"2013","Agriculture",0.712628496,NA,NA,0.75547077,"Nestkaart","Nestkaart",0.35258,0.35258,0.35258,1.76292
"817","1",0.31962,2.87672,"2016","Agriculture_grassland",0.320572158,1,0,0.140305695,"Nestkaart","Nestkaart",0.63924,0.95886,0.63924,2.55697
"818",NA,0.31962,2.94799,"2016","Agriculture_crop",0.32485686,1,NA,0.141311709,"Nestkaart","Nestkaart",0,2.55697,0,2.87659
"819",NA,0.31962,3.04281,"2016","Agriculture_grassland",0.324817026,1,NA,0.14129011,"Nestkaart","Nestkaart",0,1.27849,0,1.59811
"820","1",0.31962,4.12373,"2017","Agriculture_grassland",0.725833737,19,0,0.614895318,"Nestkaart","Nestkaart",0.63924,0,0.95886,1.91773
"821","1",0.31962,43.47328,"2017","Agriculture_crop",0.526221873,9,0,0.784825217,"Nestkaart","Nestkaart",0,0.63924,0,0.95886
"822",NA,0.31962,78.34557,"2017","Agriculture_crop",0.782978304,11,NA,0.759129334,"Nestkaart","Nestkaart",0,0.95886,0,1.27849
"823","1",0.31962,78.57416,"2017","Agriculture_crop",0.997384736,23,0,0.946988855,"Nestkaart","Nestkaart",0,0.31962,0,0.63924
"824","1",0.31962,18.31265,"2017","Agriculture_grassland",0.902888232,1,0,0.849132163,"Nestkaart","Nestkaart",0,0,0,0.31962
"825",NA,0.31962,0,"2011","Agriculture_grassland",0.848162196,25.5,NA,0.829662949,"Nestkaart","Nestkaart",0,0,0,0.31962
"826",NA,0.31962,0,"2011","Agriculture_grassland",0.848162196,25.5,NA,0.829662949,"Nestkaart","Nestkaart",0,0,0,0.31962
"827","1",0.31962,0,"2010","Agriculture_grassland",0.885887777,24,0,0.836591893,"Nestkaart","Nestkaart",0,0,0.31962,0.63924
"828",NA,0.31962,0,"2011","Agriculture_grassland",0.848162196,25.5,NA,0.829662949,"Nestkaart","Nestkaart",0,0,0,0.31962
"829",NA,0.31962,0,"2011","Agriculture_grassland",0.848162196,25.5,NA,0.829662949,"Nestkaart","Nestkaart",0,0,0,0.31962
"830","0",0.31962,0,"2010","Agriculture_grassland",0.885887777,5,1,0.836591893,"Nestkaart","Nestkaart",0,0,0.31962,0.63924
"831","1",0.33038,31.11185,"2011","Agriculture",0.515358157,7,0,0.43968145,"Nestkaart","Nestkaart",0,0.99115,0,1.32153
"832","1",0.31962,0,"2010","Agriculture_grassland",0.885887777,27,0,0.836591893,"Nestkaart","Nestkaart",0,0,0.31962,0.63924
"833","0",1.27849,0,"2010","Agriculture_grassland",0.848162196,7,1,0.829662949,"Nestkaart","Nestkaart",0,0,0.63924,1.91773
"836",NA,0.36172,30.01838,"2017","Agriculture_grassland",0.741478638,NA,NA,0.659206807,"Nestkaart","Nestkaart",0,0,0,0.36172
"837","1",0.63924,11.30079,"2014","Water_inland",0.644605376,1,0,0.67725459,"Nestkaart","Nestkaart",1.91773,1.27849,0.63924,4.4747
"840","0",0.32185,18.99219,"2015","Agriculture_grassland",0.712619181,18,1,0.755465458,"Nestkaart","Nestkaart",0,1.28742,0,1.60927
"870",NA,0.6736,12.89251,"2015","Agriculture_grassland",0.714926133,NA,NA,0.794159187,"Nestkaart","Nestkaart",1.01041,0.3368,0.3368,2.35762
"872","1",0.31962,77.9423,"2017","Agriculture_crop",0.783000334,1,0,0.759136058,"Nestkaart","Nestkaart",0.31962,0.31962,0.31962,1.27849
"873",NA,0.63924,11.15359,"2017","Agriculture_grassland",0.714644529,10.5,NA,0.67758609,"Nestkaart","Nestkaart",0,0.63924,0.31962,1.59811
"874","1",0.31962,11.35657,"2017","Agriculture_grassland",0.715592366,9,0,0.677732993,"Nestkaart","Nestkaart",0.63924,0,0.31962,1.27849
"875",NA,0.63924,0.66165,"2017","Agriculture_crop",0.604637623,1,NA,0.212588843,"Nestkaart","Nestkaart",0,0.31962,0,0.95886
"876","1",0.31962,12.73208,"2017","Agriculture_grassland",0.625125285,28,0,0.596383916,"Nestkaart","Nestkaart",0.31962,0,0,0.63924
"877",NA,0.31962,11.47443,"2017","Agriculture_grassland",0.517267215,NA,NA,0.498025355,"Nestkaart","Nestkaart",0,0,0,0.31962
"878","1",0.32832,6.94605,"2017","Agriculture",0.711561626,23,0,0.728851159,"Nestkaart","Nestkaart",0,0.32832,0.32832,0.98496
"879",NA,0.31962,0.29427,"2017","Agriculture_grassland",0.67206641,9.5,NA,0.256691194,"Nestkaart","Nestkaart",0,0,0.31962,0.63924
"880","1",0.63924,0.17371,"2017","Agriculture_grassland",0.671529113,19,0,0.256635409,"Nestkaart","Nestkaart",0,0,0,0.63924
"881",NA,1.42842,2.17765,"2017","Agriculture_crop",0.476716698,1,NA,0.21264184,"Nestkaart","Nestkaart",0,0.3571,0.3571,2.14263
"882",NA,0.95886,2.1265,"2017","Agriculture_crop",0.47633884,1,NA,0.21253054,"Nestkaart","Nestkaart",0,0.63924,0.63924,2.23735
"883",NA,0.95886,1.80896,"2017","Agriculture_crop",0.470740371,1,NA,0.190880013,"Nestkaart","Nestkaart",0.31962,0.63924,0,1.91773
"884",NA,0.35013,1.76023,"2017","Agriculture_crop",0.468614357,1,NA,0.190126361,"Nestkaart","Nestkaart",0,0.35013,0,0.70026
"885","1",0.31962,0.29886,"2017","Agriculture_grassland",0.601116022,10,0,0.21170373,"Nestkaart","Nestkaart",0,0,0,0.31962
"886","1",0.31962,0.21238,"2017","Agriculture_grassland",0.554218526,10,0,0.186869915,"Nestkaart","Nestkaart",0,0,0,0.31962
"887","1",0.36625,0.20895,"2017","Agriculture_grassland",0.600926467,10,0,0.211499875,"Nestkaart","Nestkaart",0,0,0,0.36625
"888",NA,0.31962,3.16665,"2017","Agriculture_grassland",0.32802245,NA,NA,0.142031059,"Nestkaart","Nestkaart",0,0.31962,0,0.63924
"889",NA,0.31962,3.07836,"2017","Agriculture_crop",0.327838187,NA,NA,0.141993772,"Nestkaart","Nestkaart",0.31962,1.27849,0,1.91773
"890",NA,0.31962,2.97484,"2017","Agriculture_crop",0.324598092,NA,NA,0.141244529,"Nestkaart","Nestkaart",0.63924,0.95886,0,1.91773
"891",NA,0.63924,3.09675,"2017","Agriculture_crop",0.328059144,NA,NA,0.142044039,"Nestkaart","Nestkaart",0.31962,1.27849,0,2.23735
"892","1",0.63924,28.47564,"2017","Agriculture_grassland",0.598890813,14,0,0.535090225,"Nestkaart","Nestkaart",0,0.31962,0,0.95886
"893","0",0.31962,29.18035,"2017","Agriculture_crop",0.758691638,5,1,0.649022244,"Nestkaart","Nestkaart",0,0,0,0.31962
"894",NA,1.34251,0.39449,"2017","Agriculture_crop",0.673686959,NA,NA,0.256888018,"Nestkaart","Nestkaart",0,0,0,1.34251
"895",NA,0.32014,30.54107,"2017","Agriculture_grassland",0.701225224,NA,NA,0.825369489,"Nestkaart","Nestkaart",0,0,0,0.32014
